1 SEDAN TYPE SALES JAN JUL 2025,Unnamed: 1,Unnamed: 2,Unnamed: 3,Unnamed: 4,Unnamed: 5,Unnamed: 6,Unnamed: 7,Unnamed: 8,Unnamed: 9,Unnamed: 10,Unnamed: 11,Unnamed: 12,Unnamed: 13,Unnamed: 14,Unnamed: 15,Unnamed: 16,Unnamed: 17,Unnamed: 18,Unnamed: 19,Unnamed: 20,Unnamed: 21,Unnamed: 22,Unnamed: 23,Unnamed: 24,Unnamed: 25,Unnamed: 26,Unnamed: 27,Unnamed: 28,Unnamed: 29,Unnamed: 30,Unnamed: 31,Unnamed: 32,Unnamed: 33,Unnamed: 34,Unnamed: 35,CATEGORY
SEDAN TYPE,CC < 1.500 [G/D],HONDA,All New City,1.497,CVT,G,40,-,-,16 x 6J,120,2.6,4442 x 1694 x 1477,5,4X2,FF,-,4,4,CBU,Thailand,-,-,-,-,-,-,-,-,-,-,-,-,0%,0%,-
SEDAN TYPE,CC < 1.500 [G/D],HONDA,All New Civic,1.5,CVT,G,57,1.285,-,-,141,2.7,4542 x 1755 x 1435,5,4X2,FF,-,4,4,CBU,Thailand,-,3,-,-,-,-,-,-,-,-,-,-,0%,0%,3
SEDAN TYPE,CC < 1.500 [G/D],HONDA,New Civic,1.5,CVT,HYBRID,-,-,-,-,-,-,-,-,-,-,-,-,-,CBU,Thailand,-,-,-,-,30,36,42,-,-,-,-,-,7%,4%,108
SEDAN TYPE,CC < 1.500 [G/D],AION,AION ES,-,AT,BEV,-,-,-,-,-,-,-,-,4X2,-,-,-,-,CBU,China,-,-,-,-,-,-,-,-,-,-,-,-,0%,0%,-
SEDAN TYPE,CC < 1.500 [G/D],BMW,i7 xDrive60 Limousine RHD AT,0,AT,BEV,-,3.25,-,255/45 R20 105Y; 285/40 R20 108Y,544,3.215,5181 x 2000 x 1835,-,4X4,4WD,-,-,4,CBU,Germany,-,3,6,3,2,4,-,-,-,-,-,-,1%,1%,18
SEDAN TYPE,CC < 1.500 [G/D],BMW,CBU i4 eDrive35 Gran Coupe AT,-,AT,BEV,-,2.545,-,245/40 R19 98Y; 255/40 R19 100Y,286,2.856,4.783 x 1.882 x 1.448,5,4X2,RR,-,5,4,CBU,Germany,-,2,1,2,-,-,2,-,-,-,-,-,0%,0%,7
SEDAN TYPE,CC < 1.500 [G/D],BMW,218 AT,1.499,AT,G,49,1.42,-,-,156,2.67,4546 x 1800 x 1445,5,4X2,FF,-,4,4,CBU,Germany,-,-,-,-,-,13,4,-,-,-,-,-,1%,1%,17
SEDAN TYPE,CC < 1.500 [G/D],BYD,Seal Dynamic,-,-,BEV,-,2,-,"18""Alloy 225/50 R18",-,2.92,4800X1875X1460,5,4X2,FF,-,5,4,CBU,China,-,-,-,-,-,-,-,-,-,-,-,-,0%,0%,-
SEDAN TYPE,CC < 1.500 [G/D],BYD,Seal Premium Extended Range,-,-,BEV,-,2,-,"19""Alloy 235/45 R19",-,2.92,4800X1875X1460,5,4X2,FF,-,5,4,CBU,China,243,21,134,123,46,1,67,-,-,-,-,-,41%,26%,635
SEDAN TYPE,CC < 1.500 [G/D],BYD,Seal Performance,-,-,BEV,-,2,-,"19""Alloy 235/45 R19",-,2.92,4800X1875X1460,5,4X4,AWD,-,5,4,CBU,China,42,5,100,60,157,-,-,-,-,-,-,-,23%,15%,364
SEDAN TYPE,CC < 1.500 [G/D],HYUNDAI HMID,Ioniq 6,-,AT,BEV,-,1.97,-,205/60/R16,-,2.7,4470 x 1820 x 1475,5,4X2,-,-,5,4,CBU,South Korea,4,56,131,-,-,-,-,-,-,-,-,-,12%,8%,191
SEDAN TYPE,CC < 1.500 [G/D],HYUNDAI HMID,Genesis G80 EV,-,AT,BEV,-,2.265,-,245/45/R19,-,3.01,5005 x 1925 x 1475,5,4X2,-,-,5,4,CBU,South Korea,-,-,-,-,-,2,-,-,-,-,-,-,0%,0%,2
SEDAN TYPE,CC < 1.500 [G/D],MERCEDES BENZ PC,A 200 Sedan (V177),1.332,AT,G,-,-,-,-,-,-,-,-,-,-,-,-,-,CBU,-,-,-,-,-,-,-,-,-,-,-,-,-,0%,0%,-
SEDAN TYPE,CC < 1.500 [G/D],MERCEDES BENZ PC,CLA 200 AMG Line (C118),1.332,AT,G,43,1.95,7,225/45 R18,163,2.729,"4,695 x 1,999 x 1430",5,4X2,FF,-,4,4,CBU,-,1,2,1,-,-,-,1,-,-,-,-,-,0%,0%,5
SEDAN TYPE,CC < 1.500 [G/D],MERCEDES BENZ PC,AMG CLA 45 S (C118),1.332,AT,G,43,1.95,7,225/45 R18,163,2.729,"4,695 x 1,999 x 1430",5,4X4,AWD,-,4,4,CBU,-,-,-,-,-,-,-,-,-,-,-,-,-,0%,0%,-
SEDAN TYPE,CC < 1.500 [G/D],MERCEDES BENZ PC,C 200 AVA Line (W206),1.496,AT,G,66,-,9,-,254,-,-,4,4X2,FR,-,4,4,CKD,INA,-,5,12,10,13,29,30,-,-,-,-,-,6%,4%,99
SEDAN TYPE,CC < 1.500 [G/D],MAZDA,Mazda 2 Sedan,1.496,AT,G,44,-,-,185/60R16,111,2.57,4340 x 1695 x 1479,5,4X2,FF,-,4,4,CBU,Thailand,1,-,-,-,-,-,-,-,-,-,-,-,0%,0%,1
SEDAN TYPE,CC < 1.500 [G/D],MORRIS GARAGE,5 GT Activate 1.5L,1.498,CVT,G,45,1.233,-,205/55 R16,114,2.68,4675 x 1842 x 1473,5,4X2,FF,8,5,4,CBU,Thailand,-,-,-,-,-,-,-,-,-,-,-,-,0%,0%,-
SEDAN TYPE,CC < 1.500 [G/D],MORRIS GARAGE,5 GT Ignite 1.5L,1.498,CVT,G,45,1.233,-,215/50 R17,114,2.68,4675 x 1842 x 1473,5,4X2,FF,8,5,4,CBU,Thailand,10,2,3,1,2,1,7,-,-,-,-,-,2%,1%,26
SEDAN TYPE,CC < 1.500 [G/D],MORRIS GARAGE,5 GT Magnify 1.5L,1.498,CVT,G,45,1.233,-,215/50 R17,114,2.68,4675 x 1842 x 1480,5,4X2,FF,8,5,4,CBU,Thailand,-,-,2,1,-,1,3,-,-,-,-,-,0%,0%,7
SEDAN TYPE,CC < 1.500 [G/D],MORRIS GARAGE,Cyberster,-,AT,BEV,-,-,-,245/40 R20,543,2.689,4533 x 1912 x 1328,-,4X4,AWD,-,2,4,CBU,China,-,5,2,-,1,-,-,-,-,-,-,-,1%,0%,8
SEDAN TYPE,CC < 1.500 [G/D],TOYOTA,VIOS 1.5 G AT FMC,15--,AT,G,42,1-8-,-,195/5- R16,1-9 / 6---,255-,441-X17--X1475,5,4X2,FF,-,4,4,CKD,INA,6,37,3,1,19,4,2,-,-,-,-,-,5%,3%,72
SEDAN TYPE,CC < 1.500 [G/D],TOTAL,VIOS 1.5 G AT FMC,15--,AT,G,42,1-8-,-,195/5- R16,1-9 / 6---,255-,441-X17--X1475,5,4X2,FF,-,4,4,CKD,INA,307,141,395,201,270,91,158,-,-,-,-,-,100%,63%,1.563
SEDAN TYPE,CC < 1.500 [G/D],CUMULATIVE,VIOS 1.5 G AT FMC,15--,AT,G,42,1-8-,-,195/5- R16,1-9 / 6---,255-,441-X17--X1475,5,4X2,FF,-,4,4,CKD,INA,307,448,843,1.044,1.314,1.405,1.563,-,-,-,-,-,100%,63%,1.563
SEDAN TYPE,CC < 1.500 [G/D],CUMULATIVE,VIOS 1.5 G AT FMC,15--,AT,G,42,1-8-,-,195/5- R16,1-9 / 6---,255-,441-X17--X1475,5,4X2,FF,-,4,4,CKD,INA,307,448,843,1.044,1.314,1.405,1.563,-,-,-,-,-,100%,63%,1.563
SEDAN TYPE,"CC 1.501 - 3.000 [G]
/ 2.500 [D]",AUDI,A5 2.0 TFSI,1.984,AT,G,63,1.465,3.778,255/35/R18,211,2.81,4625 x 1884 x 1372,5,4X4,4WD,-,2,4,CBU,Germany,-,-,-,-,-,-,-,-,-,-,-,-,0%,0%,-
SEDAN TYPE,"CC 1.501 - 3.000 [G]
/ 2.500 [D]",AUDI,A5 2.0 TFSI A/T SB,1.984,AT,G,54,1.49,-,245/40/R18,190,2.824,4757 x 1843 x 1386,5,4X2,FF,241,5,4,CBU,Germany,-,-,-,-,-,-,-,-,-,-,-,-,0%,0%,-
SEDAN TYPE,"CC 1.501 - 3.000 [G]
/ 2.500 [D]",AUDI,A4 2.0 TFSI A/T,1.984,AT,G,-,-,-,-,-,-,-,5,4X2,FF,-,5,4,CBU,Germany,-,1,-,-,-,-,-,-,-,-,-,-,0%,0%,1
SEDAN TYPE,"CC 1.501 - 3.000 [G]
/ 2.500 [D]",BMW,218i Gran Coupe,-,-,-,-,-,-,-,-,-,-,-,-,-,-,-,-,-,-,-,2,7,1,-,-,-,-,-,-,-,-,1%,0%,10
SEDAN TYPE,"CC 1.501 - 3.000 [G]
/ 2.500 [D]",BMW,220i Coupe AT,1.998,AT,G,52,1.965,-,225/45 R18 95Y; 255/40 R18 99Y,184,2.741,4537 x 1838 x 1390,-,4X2,FR,-,-,4,CBU,Germany,-,1,1,-,-,-,-,-,-,-,-,-,0%,0%,2
SEDAN TYPE,"CC 1.501 - 3.000 [G]
/ 2.500 [D]",BMW,320i CKD AT,1.998,AT,G,59,2.05,-,225/45 R18 95Y,184,2.851,4709x1827x1435,-,4X2,FR,-,-,4,CKD,INA,1,-,14,5,28,1,-,-,-,-,-,-,5%,2%,49
SEDAN TYPE,"CC 1.501 - 3.000 [G]
/ 2.500 [D]",BMW,330i CKD B7 AT,1.998,AT,G,59,2.08,-,225/40 R19 93Y; 255/35 R19 96Y,258,2.851,4713 x 1827 x 1440,5,4X2,FR,-,4,4,CKD,INA,-,2,-,2,30,3,3,-,-,-,-,-,4%,2%,40
SEDAN TYPE,"CC 1.501 - 3.000 [G]
/ 2.500 [D]",BMW,330I 62FY A/T,1.998,AT,G,59,1.6,-,5/40 R19 93 Y XL;255/40 R18 99 Y X,245,2851,4713 x 1827 x 1440,5,4X2,FR,-,5,4,CBU,Germany,-,-,-,-,30,3,3,-,-,-,-,-,0%,0%,-
SEDAN TYPE,"CC 1.501 - 3.000 [G]
/ 2.500 [D]",BMW,M2 Coupe RHD MX AT,2.993,AT,G,52,2.155,-,275/35 ZR19 100Y; 285/30 ZR20 99Y,460,2.747,4580 x 1887 x 1403,-,4X2,FR,-,-,4,CBU,Germany,2,5,3,4,1,-,8,-,-,-,-,-,3%,1%,23
SEDAN TYPE,"CC 1.501 - 3.000 [G]
/ 2.500 [D]",BMW,M3 Competition M xDrive T AT,2.993,AT,G,59,2.37,-,275/35 ZR19 100Y; 285/30 ZR20 99Y,510,2.857,4801 x 1903 x 1446,-,4X4,4WD,-,-,4,CBU,Germany,1,8,2,1,-,1,1,-,-,-,-,-,2%,1%,14
SEDAN TYPE,"CC 1.501 - 3.000 [G]
/ 2.500 [D]",BMW,M4 CS A/T,2.993,AT,G,-,1.754,-,275/35 ZR19 100Y;285/30 ZR20 99Y,551,2.857,4801 x 1918 x 1399,4,4X4,-,-,2,4,CBU,Germany,-,3,-,-,1,-,2,-,-,-,-,-,1%,0%,6
SEDAN TYPE,"CC 1.501 - 3.000 [G]
/ 2.500 [D]",BMW,430i Convertible AT,1.998,AT,G,-,-,-,-,-,-,4768 x 1852 x 1384,-,4X2,AWD,-,-,4,CBU,-,-,2,2,2,9,1,4,-,-,-,-,-,2%,1%,20
SEDAN TYPE,"CC 1.501 - 3.000 [G]
/ 2.500 [D]",BMW,430i AT,1.998,AT,G,59,1545,-,5/50 R17 98 Y XL;225/50 R17 98 Y X,245,2851,4768 x 1852 x 1383,4,4X2,FR,-,2,4,CBU,Germany,-,1,1,1,7,1,7,-,-,-,-,-,2%,1%,18
SEDAN TYPE,"CC 1.501 - 3.000 [G]
/ 2.500 [D]",BMW,M4 Convertible Competition M xDrive 32HK AT,2.993,AT,G,-,-,-,-,-,-,4801 x 1887 x 1398,-,4X4,AWD,-,-,4,CBU,-,-,-,-,-,4,5,2,-,-,-,-,-,1%,0%,11
SEDAN TYPE,"CC 1.501 - 3.000 [G]
/ 2.500 [D]",BMW,M4 Coupe Competition M xDrive 42BA AT,2.993,AT,G,-,-,-,-,-,-,4801 x 1887 x 1399,-,4X4,AWD,-,-,4,CBU,-,1,1,1,-,1,-,-,-,-,-,-,-,0%,0%,4
SEDAN TYPE,"CC 1.501 - 3.000 [G]
/ 2.500 [D]",BMW,520i G60 CKD AT,1.998,AT,G,60,2.335,-,-,190,2.995,5060 x1 900 x 1515,5,4X2,FR,-,-,4,CKD,INA,1,29,17,4,24,1,5,-,-,-,-,-,9%,3%,81
SEDAN TYPE,"CC 1.501 - 3.000 [G]
/ 2.500 [D]",BMW,530e,-,-,PHEV,-,-,-,-,-,-,-,-,-,-,-,-,-,CBU,Germany,1,-,-,-,-,-,-,-,-,-,-,-,0%,0%,1
SEDAN TYPE,"CC 1.501 - 3.000 [G]
/ 2.500 [D]",BMW,520i,1.998,AT,G,-,-,-,-,-,-,-,-,-,-,-,-,4,CBU,Germany,-,1,-,-,-,-,-,-,-,-,-,-,0%,0%,1
SEDAN TYPE,"CC 1.501 - 3.000 [G]
/ 2.500 [D]",BMW,i5 eDrive40,-,AT,BEV,-,2.74,-,245/40 R20 99Y;275/35 R20 102Y,340,2.995,5.075 x 1.900 x 1.515,5,4X2,-,-,4,4,CBU,Germany,-,-,-,6,2,3,4,-,-,-,-,-,2%,1%,15
SEDAN TYPE,"CC 1.501 - 3.000 [G]
/ 2.500 [D]",BMW,i5 M60 xDrive A/T,-,AT,BEV,-,2.305,-,/45 R19 102 Y XL;275/40 R19 105 Y,601,2995,5060 x 1900 x 1505,5,4X4,AWD,-,4,4,CBU,Germany,1,-,-,-,-,-,-,-,-,-,-,-,0%,0%,1
SEDAN TYPE,"CC 1.501 - 3.000 [G]
/ 2.500 [D]",BMW,i5 eDrive40 (12HH) A/T,-,AT,BEV,-,2.18,-,55/35 R21 101 Y XL;275/40 R19 105,340,2995,5060 x 1900 x 1515,5,4X2,FR,-,5,4,CBU,Germany,-,-,1,-,1,1,3,-,-,-,-,-,1%,0%,6
SEDAN TYPE,"CC 1.501 - 3.000 [G]
/ 2.500 [D]",BMW,735i Limousine RHD A/T,2.998,AT,G,-,-,-,-,-,-,-,-,4X2,-,-,-,-,-,-,-,-,-,3,-,-,-,-,-,-,-,-,0%,0%,3
SEDAN TYPE,"CC 1.501 - 3.000 [G]
/ 2.500 [D]",BMW,735i Limousine RHD AT,2.998,AT,G,-,-,-,-,-,-,-,-,4X2,-,-,-,-,-,-,1,5,13,7,12,7,19,-,-,-,-,-,7%,3%,64
SEDAN TYPE,"CC 1.501 - 3.000 [G]
/ 2.500 [D]",BMW,Z4 sDrive30i AT,1.998,AT,G,52,1.74,-,255/40 ZR18 95Y; 275/40 ZR18 99Y,258,2.47,4324x1864x1304,-,4X2,FR,-,2,4,CBU,Germany,-,-,-,-,-,2,-,-,-,-,-,-,0%,0%,2
SEDAN TYPE,"CC 1.501 - 3.000 [G]
/ 2.500 [D]",BMW,Z4 M40i AT,2.998,AT,G,52,1.86,-,255/35 ZR19 96Y; 275/35 ZR19 100Y,387,2.47,4324 x 1864 x 1304,-,4X2,FR,-,-,4,CBU,Germany,-,12,1,1,1,-,2,-,-,-,-,-,2%,1%,17
SEDAN TYPE,"CC 1.501 - 3.000 [G]
/ 2.500 [D]","HONDA
HYUNDAI HMID",Civic Type R,2,MT,G,-,-,-,-,-,-,-,-,4X2,-,-,5,4,CBU,UK,-,-,2,2,-,-,1,-,-,-,-,-,1%,0%,5
SEDAN TYPE,"CC 1.501 - 3.000 [G]
/ 2.500 [D]","HONDA
HYUNDAI HMID",Genesis G80,2.5,AT,G,65,2.265,-,245/45/R19,-,3.01,5005 x 1925 x 1475,5,4X2,-,-,5,4,CBU,South Korea,-,-,-,-,-,1,-,-,-,-,-,-,0%,0%,1
SEDAN TYPE,"CC 1.501 - 3.000 [G]
/ 2.500 [D]",LEXUS,ES 300 h,2.494,AT,HYBRID,65,-,-,215 / 55 R17,202 / 5700,2.82,4900X1820X1450,4,4X2,FR,-,4,4,CBU,Japan,-,-,6,4,4,3,2,-,-,-,-,-,2%,1%,19
SEDAN TYPE,"CC 1.501 - 3.000 [G]
/ 2.500 [D]",MAZDA,MX 5 RF AT,1.999,AT,G,50,-,3.863,205/45R17,160,2.33,4020 x 1720 x 1255,2,4X2,FF,-,4,4,CBU,Japan,-,5,2,8,2,1,1,-,-,-,-,-,2%,1%,19
SEDAN TYPE,"CC 1.501 - 3.000 [G]
/ 2.500 [D]",MAZDA,New MX 5 RF MT,1.999,MT,G,50,-,3.863,205/45R17,160,2.33,4020 x 1720 x 1255,2,4X2,FF,-,4,4,CBU,Japan,-,1,-,1,1,1,-,-,-,-,-,-,0%,0%,4
SEDAN TYPE,"CC 1.501 - 3.000 [G]
/ 2.500 [D]",MAZDA,Mazda 3 Sedan,1.998,AT,G,51,-,-,215/45R18,155,2.725,"4,660 x 1,795 x 1,440",5,4X2,FF,-,5,4,CBU,Japan,1,3,4,3,3,-,-,-,-,-,-,-,2%,1%,14
SEDAN TYPE,"CC 1.501 - 3.000 [G]
/ 2.500 [D]",MAZDA,Mazda 6 Elite Sedan,2.488,AT,G,64,-,4.056,225/45R19,187,2.83,4865 x 1840 x 1450,5,4X2,FF,-,4,4,CBU,Japan,2,4,-,-,1,2,1,-,-,-,-,-,1%,0%,10
SEDAN TYPE,"CC 1.501 - 3.000 [G]
/ 2.500 [D]",MERCEDES-BENZ PC,AMG A 35 4MATIC (V177),2,AT,G,-,-,-,-,-,-,-,-,-,-,-,-,-,CBU,-,-,5,-,-,2,2,-,-,-,-,-,-,1%,0%,9
SEDAN TYPE,"CC 1.501 - 3.000 [G]
/ 2.500 [D]",MERCEDES-BENZ PC,A 200,1.991,AT,G,41,2.03,7,225/50 R17,184,2.84,"4,686 x 2,020 x 1,442",5,4X2,FR,-,4,4,CKD,INA,2,2,-,1,-,-,-,-,-,-,-,-,1%,0%,5
SEDAN TYPE,"CC 1.501 - 3.000 [G]
/ 2.500 [D]",MERCEDES-BENZ PC,E 300 AMG,1.991,AT,G,66,2.295,9,"245/40, 275/35 R19",258,2.939,"4,702 x 2,065 x 1,452",5,4X2,FR,-,4,4,CKD,INA,-,-,-,-,-,1,1,-,-,-,-,-,0%,0%,2
SEDAN TYPE,"CC 1.501 - 3.000 [G]
/ 2.500 [D]",MERCEDES-BENZ PC,E 300 AVA,1.991,AT,G,66,2.395,9,245/45 R18,258,2.939,"4,686 x 2,065 x 1,468",5,4X2,FR,-,4,4,CKD,INA,-,-,-,-,-,-,-,-,-,-,-,-,0%,0%,-
SEDAN TYPE,"CC 1.501 - 3.000 [G]
/ 2.500 [D]",MERCEDES-BENZ PC,S 450,2.996,AT,G,80,2.7,9,"245/45, 275/40 R19",367,3.165,"5,255 x 2,130 x 1,494",5,4X2,FR,-,4,4,CKD,INA,1,2,2,5,1,4,3,-,-,-,-,-,2%,1%,18
SEDAN TYPE,"CC 1.501 - 3.000 [G]
/ 2.500 [D]",MERCEDES-BENZ PC,EQE 350 (V295),-,AT,BEV,-,-,-,-,-,-,-,5,4X2,FR,-,5,4,CBU,-,-,3,-,1,1,3,-,-,-,-,-,-,1%,0%,8
SEDAN TYPE,"CC 1.501 - 3.000 [G]
/ 2.500 [D]",MERCEDES-BENZ PC,EQS 450+ (V297),-,AT,BEV,-,-,9,245/45 R18,204,2.84,"4,702 x 2,020 x 1,457",5,4X2,FR,-,5,4,CBU,-,-,-,1,-,1,-,1,-,-,-,-,-,0%,0%,3
SEDAN TYPE,"CC 1.501 - 3.000 [G]
/ 2.500 [D]",MERCEDES-BENZ PC,C 300 AMG Line (W206),1.998,AT,G,66,-,-,-,-,-,-,4,4X2,FR,-,4,4,CKD,INA,2,3,1,-,5,2,18,-,-,-,-,-,3%,1%,31
SEDAN TYPE,"CC 1.501 - 3.000 [G]
/ 2.500 [D]",MERCEDES-BENZ PC,AMG CLA 45 S Shooting Brake (X118),1.998,-,-,-,-,-,-,-,-,-,-,4X2,-,-,4,4,CBU,-,-,-,-,-,-,-,-,-,-,-,-,-,0%,0%,-
SEDAN TYPE,"CC 1.501 - 3.000 [G]
/ 2.500 [D]",MERCEDES-BENZ PC,AMG C 63 S E Performance (W206),1.991,AT,G,66,-,9,-,500,-,-,4,4X4,4WD,-,4,4,CBU,-,-,-,-,-,-,-,1,-,-,-,-,-,0%,0%,1
SEDAN TYPE,"CC 1.501 - 3.000 [G]
/ 2.500 [D]",MERCEDES-BENZ PC,E 200 (W214) CKD,1.998,AT,G,66,-,9,-,204,-,-,4,4X2,RR,-,4,4,CKD,INA,26,24,14,6,1,17,4,-,-,-,-,-,10%,4%,92
SEDAN TYPE,"CC 1.501 - 3.000 [G]
/ 2.500 [D]",MERCEDES-BENZ PC,E 300 (W214) CKD,1.998,AT,G,66,-,9,-,258,-,-,4,4X2,RR,-,4,4,CKD,INA,2,6,9,3,11,4,16,-,-,-,-,-,6%,2%,51
SEDAN TYPE,"CC 1.501 - 3.000 [G]
/ 2.500 [D]",MERCEDES-BENZ PC,AMG SL 43,1.999,AT,G,-,-,9,-,-,-,-,4,4X2,FR,-,4,4,CBU,-,-,-,-,-,-,-,-,-,-,-,-,-,0%,0%,-
SEDAN TYPE,"CC 1.501 - 3.000 [G]
/ 2.500 [D]",MERCEDES-BENZ PC,CLE 300,1.999,AT,G,-,-,-,-,-,-,-,4,4X4,4WD,-,4,4,CBU,-,-,2,-,-,-,1,-,-,-,-,-,-,0%,0%,3
SEDAN TYPE,"CC 1.501 - 3.000 [G]
/ 2.500 [D]",SUBARU,BRZ 2.4 MT (ZD8),2.387,AT,G,50,1.67,-,215/40 R18,237,2.575,"4,265 x 1,775 x 1,310",4,4X2,FR,-,2,4,CBU,Japan,-,-,1,8,-,5,2,-,-,-,-,-,2%,1%,16
SEDAN TYPE,"CC 1.501 - 3.000 [G]
/ 2.500 [D]",SUBARU,BRZ 2.4 AT ES (ZD8),2.387,AT,G,50,1.7,-,215/40 R18,237,2.575,"4,265 x 1,775 x 1,310",4,4X2,FR,-,2,4,CBU,Japan,2,4,16,1,-,-,-,-,-,-,-,-,3%,1%,23
SEDAN TYPE,"CC 1.501 - 3.000 [G]
/ 2.500 [D]",SUBARU,WRX SEDAN 2.4 MT (VBH),2.387,MT,G,63,1.556,-,245/40 R18,275,2.675,"4,670 x 1,825 x 1,465",5,4X4,4WD,-,4,4,CBU,Japan,-,1,1,1,-,-,-,-,-,-,-,-,0%,0%,3
SEDAN TYPE,"CC 1.501 - 3.000 [G]
/ 2.500 [D]",SUBARU,WRX SEDAN 2.4 MT tS (VBH),2.387,MT,G,63,-,-,245/35 R19,275,2.675,"4,670 x 1,825 x 1,465",5,4X4,4WD,-,4,4,CBU,Japan,-,-,-,-,3,6,1,-,-,-,-,-,1%,0%,10
SEDAN TYPE,"CC 1.501 - 3.000 [G]
/ 2.500 [D]",SUBARU,WRX SEDAN 2.4 AT tS ES (VBH),2.387,CVT,G,63,1.625,-,245/40 R18,275,2.675,"4,670 x 1,825 x 1,465",5,4X4,4WD,-,4,4,CBU,Japan,3,1,7,-,1,-,1,-,-,-,-,-,1%,1%,13
SEDAN TYPE,"CC 1.501 - 3.000 [G]
/ 2.500 [D]",TOYOTA,All New Corolla Altis 1.8 V A/T 2-23,18--,AT,G,55,127-,5,21545R17,151 / 64--,27--,462-X1776X146-,5,4X2,FF,-,4,4,CBU,Thailand,-,-,3,1,6,6,3,-,-,-,-,-,2%,1%,19
SEDAN TYPE,"CC 1.501 - 3.000 [G]
/ 2.500 [D]",TOYOTA,All New Corolla Altis 1.8 Hybrid AT 2023,1.8,AT,HYBRID,55,1.27,5,21545R17,151 / 6400,2.7,4620X1776X1460,5,4X2,FF,-,4,4,CBU,Thailand,-,1,1,-,3,5,5,-,-,-,-,-,2%,1%,15
SEDAN TYPE,"CC 1.501 - 3.000 [G]
/ 2.500 [D]",TOYOTA,All New Camry 2.5 V 2021,2.5,AT,G,70,1.465,3.815,215/55R17,181 / 6000,2.775,4825X1825X1470,5,4X2,FF,-,4,4,CBU,Thailand,-,-,1,-,-,-,-,-,-,-,-,-,0%,0%,1
SEDAN TYPE,"CC 1.501 - 3.000 [G]
/ 2.500 [D]",TOYOTA,All New Camry 2.5 Hev 2021,2.494,CVT,HYBRID,65,1.625,3.542,235/45 R18,156.6 /5700,2.775,4885X1840X1445,5,4X2,FF,5,4,4,CBU,Thailand,-,-,15,10,43,28,18,-,-,-,-,-,12%,5%,114
SEDAN TYPE,"CC 1.501 - 3.000 [G]
/ 2.500 [D]",TOYOTA,Prius 1.8 Hybrid 2023,1.798,AT,HYBRID,45,1.42,3.267,195/65 R15,73 / 5200,2.7,4460X1745X1480,5,4X2,FF,5,4,4,CBU,Japan,-,-,-,-,-,-,-,-,-,-,-,-,0%,0%,-
SEDAN TYPE,"CC 1.501 - 3.000 [G]
/ 2.500 [D]",TOYOTA,Prius 2.0 PHEV CVT,1.987,CVT,PHEV,45,1.42,3.267,195/65 R15,73 / 5200,2.7,4460X1745X1480,5,4X2,FR,5,4,4,CBU,Japan,-,-,1,-,-,-,-,-,-,-,-,-,0%,0%,1
SEDAN TYPE,"CC 1.501 - 3.000 [G]
/ 2.500 [D]",TOYOTA,GR 86,2.387,MT,G,50,-,-,215/45/R17,147 / 6.800,2.57,4240X1775X1285,5,4X2,FR,6,4,4,CBU,Japan,-,1,-,-,-,-,1,-,-,-,-,-,0%,0%,2
SEDAN TYPE,"CC 1.501 - 3.000 [G]
/ 2.500 [D]",TOYOTA,GR 86 AT,2.387,AT,G,50,-,-,215/45/R17,147 / 6.800,2.57,4240X1775X1285,5,4X2,FR,6,4,4,CBU,Japan,-,4,1,-,2,3,2,-,-,-,-,-,1%,0%,12
SEDAN TYPE,"CC 1.501 - 3.000 [G]
/ 2.500 [D]",TOYOTA,Supra 3.0 AT,2.459,AT,G,50,-,-,-,-,-,-,5,4X2,FR,6,4,4,CBU,Japan,-,-,-,-,-,-,-,-,-,-,-,-,0%,0%,-
SEDAN TYPE,"CC 1.501 - 3.000 [G]
/ 2.500 [D]",TOYOTA,GR Supra 3.0 AT,2.459,AT,G,50,-,-,-,-,-,-,5,4X2,FR,6,4,4,CBU,Japan,-,1,1,1,1,-,-,-,-,-,-,-,0%,0%,4
SEDAN TYPE,"CC 1.501 - 3.000 [G]
/ 2.500 [D]",TOTAL,GR Supra 3.0 AT,2.459,AT,G,50,-,-,-,-,-,-,5,4X2,FR,6,4,4,CBU,Japan,50,146,152,93,213,121,142,-,-,-,-,-,100%,37%,917
SEDAN TYPE,"CC 1.501 - 3.000 [G]
/ 2.500 [D]",CUMULATIVE,GR Supra 3.0 AT,2.459,AT,G,50,-,-,-,-,-,-,5,4X2,FR,6,4,4,CBU,Japan,50,196,348,441,654,775,917,-,-,-,-,-,100%,37%,917
SEDAN TYPE,"CC 1.501 - 3.000 [G]
/ 2.500 [D]",CUMULATIVE,GR Supra 3.0 AT,2.459,AT,G,50,-,-,-,-,-,-,5,4X2,FR,6,4,4,CBU,Japan,50,196,348,441,654,775,917,-,-,-,-,-,100%,37%,917
SEDAN TYPE,"CC > 3.001 [G]
/ 2.501 [D]",LEXUS,GR Supra 3.0 AT,2.459,AT,G,50,-,-,-,-,-,-,5,4X2,FR,6,4,4,CBU,Japan,50,196,348,441,654,775,917,-,-,-,-,-,0%,0%,-
SEDAN TYPE,"CC > 3.001 [G]
/ 2.501 [D]",MERCEDES-BENZ PC,Maybach S 580 (Z223)*,3.982,-,-,-,-,-,-,-,-,-,-,-,-,-,-,-,CBU,-,-,-,-,1,1,-,-,-,-,-,-,-,100%,0%,2
SEDAN TYPE,"CC > 3.001 [G]
/ 2.501 [D]",TOTAL,Maybach S 580 (Z223)*,3.982,-,-,-,-,-,-,-,-,-,-,-,-,-,-,-,CBU,-,-,-,-,1,1,-,-,-,-,-,-,-,100%,0%,2
SEDAN TYPE,"CC > 3.001 [G]
/ 2.501 [D]",CUMULATIVE,Maybach S 580 (Z223)*,3.982,-,-,-,-,-,-,-,-,-,-,-,-,-,-,-,CBU,-,-,-,-,1,2,2,2,-,-,-,-,-,100%,0%,2
SEDAN TYPE SALES TOTAL SEDAN TYPE SALES CUMULATIVE,"CC > 3.001 [G]
/ 2.501 [D]",CUMULATIVE,Maybach S 580 (Z223)*,3.982,-,-,-,-,-,-,-,-,-,-,-,-,-,-,-,CBU,-,-,-,-,1,2,2,2,-,-,-,-,-,100%,0%,2
SEDAN TYPE SALES TOTAL SEDAN TYPE SALES CUMULATIVE,"CC > 3.001 [G]
/ 2.501 [D]",CUMULATIVE,Maybach S 580 (Z223)*,3.982,-,-,-,-,-,-,-,-,-,-,-,-,-,-,-,CBU,-,357,287,547,295,484,212,300,-,-,-,-,-,"2.482
1%",0%,2
SEDAN TYPE SALES TOTAL SEDAN TYPE SALES CUMULATIVE,"CC > 3.001 [G]
/ 2.501 [D]",CUMULATIVE,Maybach S 580 (Z223)*,3.982,-,-,-,-,-,-,-,-,-,-,-,-,-,-,-,CBU,-,357,644,1.191,1.486,1.97,2.182,2.482,-,-,-,-,-,"2.482
1%",0%,2
SEDAN TYPE SALES TOTAL SEDAN TYPE SALES CUMULATIVE,"CC > 3.001 [G]
/ 2.501 [D]",CUMULATIVE,Maybach S 580 (Z223)*,3.982,-,-,-,-,-,-,-,-,-,-,-,-,-,-,-,CBU,-,357,644,1.191,1.486,1.97,2.182,2.482,-,-,-,-,-,"2.482
1%",0%,2
4 X 2 TYPE SALES                                                                                              `JAN JUL 2025,"CC > 3.001 [G]
/ 2.501 [D]",CUMULATIVE,Maybach S 580 (Z223)*,3.982,-,-,-,-,-,-,-,-,-,-,-,-,-,-,-,CBU,-,357,644,1.191,1.486,1.97,2.182,2.482,-,-,-,-,-,"2.482
1%",0%,2
CATEGORY,"CC > 3.001 [G]
/ 2.501 [D]",BRAND,TYPE MODEL,CC,TRANS,FUEL,"TANK
CAPT","GVW
(Kg)",GEAR RATIO,WHEEL & TYRE SIZE,PS / HP,WHEEL BASE,"DIMENSION
P x L xT",SEATER,DRIVE SYS.,-,SPEED,DOOR,WHEELS,CBU / CKD,"ORIGIN
COUNTRY",JAN,FEB,MAR,APR,MAY,JUN,JUL,AUG,SEP,OCT,NOV,DEC,"Segment
Share","4X2
Share","TOTAL
2.025"
4X2 TYPE,CC < 1.500 [G/D],BMW,i440 Gran Coupe AT,-,AT,BEV,51,2.025,-,225/50 R18 95W,136,2.67,4439 x 1821 x 1596,5,4X2,FF,-,5,4,CBU,Germany,-,-,-,-,-,-,-,-,-,-,-,-,0%,0%,-
4X2 TYPE,CC < 1.500 [G/D],BMW,X1 sDrive18i U11 A7 AT,1.499,AT,G,45,2.075,-,225/55 R18 102Y,156,2.692,4500 x 1845 x 1642,-,4X2,FF,-,-,4,CKD,INA,1,33,35,7,25,1,4,-,-,-,-,-,0%,0%,106
4X2 TYPE,CC < 1.500 [G/D],BMW,X1 sDrive18i,1.499,AT,G,45,2.075,-,225/55 R18 102Y,156,2.692,4500 x 1845 x 1642,-,4X2,FF,-,-,4,CKD,INA,-,-,-,-,-,-,-,-,-,-,-,-,0%,0%,-
4X2 TYPE,CC < 1.500 [G/D],BYD,Atto 3 Advanced Standard Range,-,-,BEV,-,2,-,"17""Alloy 215/60 R17",-,2.72,4455X1875X1615,5,4X2,FF,-,5,4,CBU,China,50,3,15,-,43,36,356,-,-,-,-,-,0%,0%,503
4X2 TYPE,CC < 1.500 [G/D],BYD,Atto 3 Superior Extended Range,-,-,BEV,-,1750,-,"18""Alloy 235/50 R18",-,2.72,4455X1875X1615,5,4X2,FF,-,5,4,CBU,China,190,59,373,144,19,19,57,-,-,-,-,-,0%,0%,861
4X2 TYPE,CC < 1.500 [G/D],BYD,Dolphin Dynamic Standard Range,-,-,BEV,-,2,-,"16""Alloy 195/60 R16",-,2.7,4290X1770X1570,5,4X2,FF,-,5,4,CBU,China,2,30,49,53,18,8,18,-,-,-,-,-,0%,0%,178
4X2 TYPE,CC < 1.500 [G/D],BYD,Dolphin Premium Standard Range,-,-,BEV,-,2,-,"17""Alloy 205/50 R17",-,2.7,4290X1770X1570,5,4X2,FF,-,5,4,CBU,China,6,7,59,66,100,6,7,-,-,-,-,-,0%,0%,251
4X2 TYPE,CC < 1.500 [G/D],BYD,M6 Superior Captain,-,-,BEV,-,2,-,"17""Alloy 225/55 R17",-,2.8,4710X1810X1690,6,4X2,FF,-,5,4,CBU,China,166,428,582,411,468,159,151,-,-,-,-,-,1%,1%,2.365
4X2 TYPE,CC < 1.500 [G/D],BYD,M6 Superior,-,-,BEV,-,2,-,"17""Alloy 225/55 R17",-,2.8,4710X1810X1690,7,4X2,FF,-,5,4,CBU,China,189,80,416,406,440,141,221,-,-,-,-,-,1%,1%,1.893
4X2 TYPE,CC < 1.500 [G/D],BYD,M6 Standard,-,-,BEV,-,2,-,"17""Alloy 225/55 R17",-,2.8,4710X1810X1690,7,4X2,FF,-,5,4,CBU,China,226,585,295,440,276,544,519,-,-,-,-,-,2%,1%,2.885
4X2 TYPE,CC < 1.500 [G/D],BYD,E6 GS-20,-,-,BEV,-,2,-,"17""Alloy 225/55 R17",-,2.8,4710X1810X1690,7,4X2,FF,-,5,4,CBU,China,-,-,-,-,-,97,-,-,-,-,-,-,0%,0%,97
4X2 TYPE,CC < 1.500 [G/D],BYD,Sealion 7 Premium,-,-,BEV,-,2.225,-,"19""Alloy 255/45 R19",-,2.93,4830X1925X1620,5,4X2,RR,-,5,4,CBU,China,-,87,873,1.375,892,841,453,-,-,-,-,-,2%,2%,4.521
4X2 TYPE,CC < 1.500 [G/D],AION,HYPTEC HT Premium,-,AT,BEV,-,-,-,240/50020,250 kw,2.935,4935 x 1920 x 1700,5,4X2,-,-,-,-,CBU,China,-,79,886,276,195,56,37,-,-,-,-,-,1%,1%,1.529
4X2 TYPE,CC < 1.500 [G/D],AION,HYPTEC HT Ultra,-,AT,BEV,-,-,-,240/50020,250 kw,2.935,4935 x 1920 x 1700,5,4X2,-,-,-,-,CBU,China,-,-,-,-,-,-,-,-,-,-,-,-,0%,0%,-
4X2 TYPE,CC < 1.500 [G/D],AION,AION Y Plus Exclusive,-,AT,BEV,-,-,-,215/50018,150 kw,2.75,4535 x 1870 x 1650,5,4X2,-,-,-,-,CBU,China,66,57,66,75,65,25,9,-,-,-,-,-,0%,0%,363
4X2 TYPE,CC < 1.500 [G/D],AION,AION Y Plus Premium,-,AT,BEV,-,-,-,215/50018,150 kw,2.75,4535 x 1870 x 1650,5,4X2,-,-,-,-,CBU,China,17,23,7,11,22,14,39,-,-,-,-,-,0%,0%,133
4X2 TYPE,CC < 1.500 [G/D],AION,AION V Exclusive,-,AT,BEV,-,-,-,225/45019,150 kw,2.775,4605 x 1854 x 1686,5,4X2,-,-,-,-,CBU,China,-,-,-,-,-,-,-,-,-,-,-,-,0%,0%,-
4X2 TYPE,CC < 1.500 [G/D],AION,AION V Luxury,-,AT,BEV,-,-,-,225/45019,150 kw,2.775,4605 x 1854 x 1686,5,4X2,-,-,-,-,CBU,China,-,-,-,-,-,765,336,-,-,-,-,-,1%,0%,1.101
4X2 TYPE,CC < 1.500 [G/D],DENZA,D9 Advanced,-,-,BEV,-,3.338,-,235/60 R18,-,3.11,5250X1960X1920,7,4X2,FF,-,5,4,CBU,China,25,912,1.587,811,630,1.768,523,-,-,-,-,-,3%,3%,6.256
4X2 TYPE,CC < 1.500 [G/D],BAIC,X055 II,1.498,AT,G,53,1.55,-,225/55R19,185,2.735,4620 x 1886 x 1680,5,4X2,FR,7,5,4,CBU,China,1,14,15,-,-,-,-,-,-,-,-,-,0%,0%,30
4X2 TYPE,CC < 1.500 [G/D],BAIC,X055 Prime,1.498,AT,G,53,1.55,-,225/55R19,185,2.735,4620 x 1886 x 1680,5,4X2,FR,7,5,4,CBU,China,-,-,-,3,7,4,7,-,-,-,-,-,0%,0%,21
4X2 TYPE,CC < 1.500 [G/D],BAIC,X055 II Lite,1.498,AT,G,53,1.55,-,225/55R19,185,2.735,4620 x 1886 x 1680,5,4X2,FR,7,5,4,CBU,China,-,-,-,1,7,1,2,-,-,-,-,-,0%,0%,11
4X2 TYPE,CC < 1.500 [G/D],CHERY,Tiggo 7 Pro Premium,1.5,AT,G,51,-,-,-,-,2.67,4500X1842X1746,5,4X2,-,-,5,4,CKD,INA,1,-,-,-,-,-,1,-,-,-,-,-,0%,0%,2
4X2 TYPE,CC < 1.500 [G/D],CHERY,Tiggo 7 Pro Luxury,1.5,AT,G,51,-,-,-,-,2.67,4500X1842X1746,5,4X2,-,-,5,4,CKD,INA,24,2,-,-,-,-,-,-,-,-,-,-,0%,0%,26
4X2 TYPE,CC < 1.500 [G/D],CHERY,Tiggo 7 Pro Comfort,1.5,AT,G,51,-,-,-,-,2.67,4500X1842X1746,5,4X2,-,-,5,4,CKD,INA,-,-,-,-,-,2,-,-,-,-,-,-,0%,0%,2
4X2 TYPE,CC < 1.500 [G/D],CHERY,Omoda 5 Z,1.5,CVT,G,-,-,-,-,-,-,-,5,4X2,-,-,5,4,CKD,INA,54,4,-,-,-,-,-,-,-,-,-,-,0%,0%,58
4X2 TYPE,CC < 1.500 [G/D],CHERY,Gt,1.5,CVT,G,-,-,-,-,-,-,-,5,4X2,-,-,5,4,CKD,INA,10,8,17,8,1,1,-,-,-,-,-,-,0%,0%,45
4X2 TYPE,CC < 1.500 [G/D],CHERY,OMDA 5 Z (Facelift),1.5,CVT,G,-,-,-,-,-,-,-,5,4X2,-,-,5,4,CKD,INA,-,-,-,-,-,33,12,-,-,-,-,-,0%,0%,45
4X2 TYPE,CC < 1.500 [G/D],CHERY,OMDA 5 RZ (Facelift),1.5,CVT,G,-,-,-,-,-,-,-,5,4X2,-,-,5,4,CKD,INA,-,-,-,-,-,116,146,-,-,-,-,-,0%,0%,262
4X2 TYPE,CC < 1.500 [G/D],CHERY,Omoda 5 Rs,1.5,CVT,G,-,-,-,-,-,-,-,5,4X2,-,-,5,4,CKD,INA,17,43,17,6,-,-,-,-,-,-,-,-,0%,0%,83
4X2 TYPE,CC < 1.500 [G/D],CHERY,OmodaE5 Pure,1.5,CVT,BEV,-,-,-,-,-,-,-,5,4X2,-,-,5,4,CKD,INA,29,41,24,17,17,53,25,-,-,-,-,-,0%,0%,206
4X2 TYPE,CC < 1.500 [G/D],CHERY,Omoda E5,1.5,CVT,BEV,-,-,-,-,-,-,-,5,4X2,-,-,5,4,CKD,INA,98,146,83,49,43,32,61,-,-,-,-,-,0%,0%,512
4X2 TYPE,CC < 1.500 [G/D],CHERY,iCar 03 RWD,-,CVT,BEV,-,-,-,-,-,-,-,5,4X2,-,-,5,4,CKD,INA,172,66,127,199,157,126,155,-,-,-,-,-,1%,0%,1.002
4X2 TYPE,CC < 1.500 [G/D],CHERY,Tiggo 5X  Classic,1.5,CVT,G,-,-,-,-,-,-,-,5,4X2,-,-,5,4,CKD,INA,1,19,2,-,-,-,1,-,-,-,-,-,0%,0%,23
4X2 TYPE,CC < 1.500 [G/D],CHERY,Tiggo 5X  Champion,1.5,CVT,G,-,-,-,-,-,-,-,5,4X2,-,-,5,4,CKD,INA,24,55,26,-,1,1,-,-,-,-,-,-,0%,0%,107
4X2 TYPE,CC < 1.500 [G/D],CHERY,Tiggo Cross Comfort,1.5,AT,G,51,-,-,-,-,2.67,4500X1842X1746,5,4X2,-,-,5,4,CKD,INA,-,22,86,4,4,37,58,-,-,-,-,-,0%,0%,211
4X2 TYPE,CC < 1.500 [G/D],CHERY,Tiggo Cross  Premium,1.5,AT,G,51,-,-,-,-,2.67,4500X1842X1746,5,4X2,-,-,5,4,CKD,INA,-,196,222,406,751,345,257,-,-,-,-,-,1%,1%,2.177
4X2 TYPE,CC < 1.500 [G/D],CHERY,Tiggo Cross  Sport,1.5,AT,G,51,-,-,-,-,2.67,4500X1842X1746,5,4X2,-,-,5,4,CKD,INA,-,-,-,-,-,-,16,-,-,-,-,-,0%,0%,16
4X2 TYPE,CC < 1.500 [G/D],CHERY,Tiggo 8  Pro Max Fwd,2,AT,G,57,-,-,-,-,2.71,4722X1860X1746,7,4X2,-,-,5,4,CKD,INA,9,8,6,8,4,1,1,-,-,-,-,-,0%,0%,37
4X2 TYPE,CC < 1.500 [G/D],CHERY,Tiggo 8 Csh Fwd,1.5,AT,PHEV,75,-,-,-,-,-,-,7,4X2,-,-,5,4,CKD,INA,-,-,-,26,394,1.102,320,-,-,-,-,-,1%,1%,1.842
4X2 TYPE,CC < 1.500 [G/D],CITROEN,New E-C3 All Electric,1.2,MT,BEV,30,1.316,-,195/65 R15,-,2.54,3981 X 1733 X  1586,5,4X2,FF,-,5,4,CBU,India,36,45,32,26,27,27,38,-,-,-,-,-,0%,0%,231
4X2 TYPE,CC < 1.500 [G/D],CITROEN,New C3 Aircross SUV,1.2,AT,G,45,1.275,-,215/60 R17,-,2.671,4323 X 1796 X 1669,5,4X2,-,-,5,4,CBU,India,-,-,-,-,-,-,-,-,-,-,-,-,0%,0%,-
4X2 TYPE,CC < 1.500 [G/D],CITROEN,All New C3 Aircross SUV,1.2,AT,G,45,1.275,-,215/60 R17,-,2.671,4323 X 1796 X 1669,5,4X2,-,-,5,4,CBU,India,65,70,36,35,40,45,52,-,-,-,-,-,0%,0%,343
4X2 TYPE,CC < 1.500 [G/D],CITROEN,New Citroën C3,1.2,AT,G,45,1.275,-,215/60 R17,-,2.671,4323 X 1796 X 1669,5,4X2,-,-,5,4,CBU,India,-,38,105,29,35,25,28,-,-,-,-,-,0%,0%,260
4X2 TYPE,CC < 1.500 [G/D],CITROEN,New Citroën E-C4 Electric,-,AT,BEV,-,-,-,-,-,-,-,5,4X2,FF,-,5,4,CBU,India,-,-,-,-,-,-,1,-,-,-,-,-,0%,0%,1
4X2 TYPE,CC < 1.500 [G/D],CITROEN,New Citroën C4 Electric,-,AT,BEV,-,-,-,-,-,-,-,5,4X2,-,-,5,4,CBU,India,-,-,-,-,-,-,-,-,-,-,-,-,0%,0%,-
4X2 TYPE,CC < 1.500 [G/D],DAIHATSU,All New Xenia 1.3 M MT,1.329,MT,G,43,1.705,5.545,185/65R15,97,2.75,4395X1730X1690,7,4X2,FF,-,5,4,CKD,INA,-,-,-,-,-,-,-,-,-,-,-,-,0%,0%,-
4X2 TYPE,CC < 1.500 [G/D],DAIHATSU,All New Xenia 1.3 X MT,1.329,MT,G,43,1.705,5.545,185/65R15,97,2.75,4395X1730X1690,7,4X2,FF,-,5,4,CKD,INA,75,386,302,-,68,64,83,-,-,-,-,-,1%,0%,978
4X2 TYPE,CC < 1.500 [G/D],DAIHATSU,All New Xenia 1.3 X CVT,1.329,AT,G,43,1.705,5.105,185/65R15,97,2.75,4395X1730X1690,7,4X2,FF,-,5,4,CKD,INA,48,233,113,-,21,41,70,-,-,-,-,-,0%,0%,526
4X2 TYPE,CC < 1.500 [G/D],DAIHATSU,All New Xenia 1.3 R MT,1.329,MT,G,43,1.705,5.545,185/65R15,97,2.75,4395X1730X1690,7,4X2,FF,-,5,4,CKD,INA,50,358,266,-,90,50,86,-,-,-,-,-,0%,0%,900
4X2 TYPE,CC < 1.500 [G/D],DAIHATSU,All New Xenia 1.3 R CVT,1.329,AT,G,43,1.705,5.105,185/65R15,97,2.75,4395X1730X1690,7,4X2,FF,-,5,4,CKD,INA,88,350,241,-,26,23,32,-,-,-,-,-,0%,0%,760
4X2 TYPE,CC < 1.500 [G/D],DAIHATSU,All New Xenia 1.5 R MT,1.496,MT,G,43,1.705,5.077,195/60R16,106,2.75,4395X1730X1700,7,4X2,FF,-,5,4,CKD,INA,-,-,-,-,-,-,-,-,-,-,-,-,0%,0%,-
4X2 TYPE,CC < 1.500 [G/D],DAIHATSU,All New Xenia 1.5 R CVT,1.496,AT,G,43,1.705,5.105,195/60R16,106,2.75,4395X1730X1700,7,4X2,FF,-,5,4,CKD,INA,39,96,80,-,52,21,40,-,-,-,-,-,0%,0%,328
4X2 TYPE,CC < 1.500 [G/D],DAIHATSU,New Sirion R Cvt (Mc 2022),1.329,CVT,G,40,940,4.032,175/65R14,90,2.44,3690X1665X1545,5,4X2,FF,-,5,4,CBU,Malaysia,-,10,10,20,20,20,20,-,-,-,-,-,0%,0%,100
4X2 TYPE,CC < 1.500 [G/D],DAIHATSU,Gran Max BV 1.3,1.298,MT,G,43,2,5.125,165R1308PR,88,2.65,4045X1665X1900,2,4X2,FR,-,5,4,CKD,INA,542,662,1.145,446,1.191,843,920,-,-,-,-,-,3%,2%,5.749
4X2 TYPE,CC < 1.500 [G/D],DAIHATSU,Gran Max BV 1.5,1.5,MT,G,43,2,5.125,165R1308PR,88,2.65,4045X1665X1900,2,4X2,FR,-,5,4,CKD,INA,14,50,1,-,-,192,5,-,-,-,-,-,0%,0%,262
4X2 TYPE,CC < 1.500 [G/D],DAIHATSU,Gran Max MB 1.3 HI  FF,1.298,MT,G,43,1.84,5.125,165R1308PR,88,2.65,4045X1665X1900,8,4X2,FR,-,5,4,CKD,INA,25,59,71,17,70,51,84,-,-,-,-,-,0%,0%,377
4X2 TYPE,CC < 1.500 [G/D],DAIHATSU,Gran Max MB 1.3 HI,1.298,MT,G,43,1.84,5.125,165R1308PR,88,2.65,4045X1665X1900,9,4X2,FR,-,5,4,CKD,INA,76,115,174,45,179,112,223,-,-,-,-,-,0%,0%,924
4X2 TYPE,CC < 1.500 [G/D],DAIHATSU,Gran Max MB 1.5 HI,1.495,MT,G,43,1.84,4.875,165R1308PR,88,2.65,4045X1665X1900,9,4X2,FR,-,5,4,CKD,INA,29,43,112,35,154,102,184,-,-,-,-,-,0%,0%,659
4X2 TYPE,CC < 1.500 [G/D],DAIHATSU,Luxio 1.5 D (New),1.495,MT,G,43,1.29,5.152,195/65R15,97,2.65,4215X1710X1915,8,4X2,FR,-,5,4,CKD,INA,14,55,34,61,57,47,52,-,-,-,-,-,0%,0%,320
4X2 TYPE,CC < 1.500 [G/D],DAIHATSU,Luxio 1.5 X MT (New),1.495,MT,G,43,1.32,5.152,195/65R15,97,2.65,4215X1710X1915,8,4X2,FR,-,5,4,CKD,INA,23,96,62,145,86,92,107,-,-,-,-,-,0%,0%,611
4X2 TYPE,CC < 1.500 [G/D],DAIHATSU,Luxio 1.5 X AT (New),1.495,AT,G,43,1.32,5.152,195/65R15,97,2.65,4215X1710X1915,8,4X2,FR,-,5,4,CKD,INA,10,60,53,70,72,72,67,-,-,-,-,-,0%,0%,404
4X2 TYPE,CC < 1.500 [G/D],DAIHATSU,Luxio 1.5 AK MT,1.495,MT,G,43,1.32,5.152,195/65R15,97,2.65,4215X1710X1915,2,4X2,FR,-,5,4,CKD,INA,2,17,4,4,5,4,5,-,-,-,-,-,0%,0%,41
4X2 TYPE,CC < 1.500 [G/D],DAIHATSU,All New Terios IDS X MT (MC 2023),1.496,MT,G,45,1.245,5.571,215/65/R16,104,2.685,4435X1695X1705,7,4X2,FR,-,5,4,CKD,INA,547,1.001,1.133,333,893,594,662,-,-,-,-,-,3%,2%,5.163
4X2 TYPE,CC < 1.500 [G/D],DAIHATSU,All New Terios IDS X AT (MC 2023),1.496,AT,G,45,1.255,5.857,215/65/R16,104,2.685,4435X1695X1705,7,4X2,FR,-,5,4,CKD,INA,163,267,341,137,292,229,256,-,-,-,-,-,1%,1%,1.685
4X2 TYPE,CC < 1.500 [G/D],DAIHATSU,All New Terios IDS R MT (MC 2023),1.496,MT,G,45,1.26,5.571,215/60/R17,104,2.685,4435X1695X1705,7,4X2,FR,-,5,4,CKD,INA,107,235,290,101,269,196,228,-,-,-,-,-,1%,1%,1.426
4X2 TYPE,CC < 1.500 [G/D],DAIHATSU,All New Terios IDS R AT (MC 2023),1.496,AT,G,45,1.27,5.857,215/60/R17,104,2.685,4435X1695X1705,7,4X2,FR,-,5,4,CKD,INA,89,115,162,68,134,134,120,-,-,-,-,-,0%,0%,822
4X2 TYPE,CC < 1.500 [G/D],DAIHATSU,All New Terios IDS Custom MT (MC 2023),1.496,MT,G,45,1.26,5.571,215/60/R17,104,2.685,4435X1695X1705,7,4X2,FR,-,5,4,CKD,INA,35,55,56,28,56,45,62,-,-,-,-,-,0%,0%,337
4X2 TYPE,CC < 1.500 [G/D],DAIHATSU,All New Terios IDS Custom AT (MC 2023),1.496,AT,G,45,1.27,5.857,215/60/R17,104,2.685,4435X1695X1705,7,4X2,FR,-,5,4,CKD,INA,10,15,45,29,45,49,47,-,-,-,-,-,0%,0%,240
4X2 TYPE,CC < 1.500 [G/D],DAIHATSU,Rocky 1.0 R ASA CVT,998,AT,G,36,1.68,5.105,205/60/R17,98,2.525,4030X1710X1635,5,4X2,FR,-,5,4,CKD,INA,-,-,-,-,-,-,1,-,-,-,-,-,0%,0%,1
4X2 TYPE,CC < 1.500 [G/D],DAIHATSU,Rocky 1.0 R CVT,998,AT,G,36,1.68,5.105,205/60/R17,98,2.525,4030X1710X1635,5,4X2,FR,-,5,4,CKD,INA,15,15,20,15,17,5,18,-,-,-,-,-,0%,0%,105
4X2 TYPE,CC < 1.500 [G/D],DAIHATSU,Rocky 1.0 R MT,998,MT,G,36,1.68,5.462,205/60/R17,98,2.525,4030X1710X1635,5,4X2,FR,-,5,4,CKD,INA,-,-,-,-,-,-,1,-,-,-,-,-,0%,0%,1
4X2 TYPE,CC < 1.500 [G/D],DAIHATSU,Rocky 1.2 X CVT,1.2,AT,G,36,1.68,5.105,205/65/R16,88,2.525,4030X1710X1635,5,4X2,FR,-,5,4,CKD,INA,285,336,213,147,107,33,73,-,-,-,-,-,1%,0%,1.194
4X2 TYPE,CC < 1.500 [G/D],DAIHATSU,Rocky 1.2 X MT,1.2,MT,G,36,1.68,5.462,205/65/R16,88,2.525,4030X1710X1635,5,4X2,FR,-,5,4,CKD,INA,94,88,73,69,39,14,18,-,-,-,-,-,0%,0%,395
4X2 TYPE,CC < 1.500 [G/D],DAIHATSU,Rocky 1.2 M CVT,1.2,AT,G,36,1.68,5.105,205/65/R16,88,2.525,4030X1710X1635,5,4X2,FR,-,5,4,CKD,INA,-,-,-,12,-,-,-,-,-,-,-,-,0%,0%,12
4X2 TYPE,CC < 1.500 [G/D],DAIHATSU,Rocky 1.2 M MT,1.2,MT,G,36,1.68,5.462,205/65/R16,88,2.525,4030X1710X1635,5,4X2,FR,-,5,4,CKD,INA,-,-,-,24,-,-,-,-,-,-,-,-,0%,0%,24
4X2 TYPE,CC < 1.500 [G/D],DFSK,GELORA EC35 BLIND VAN (4X2) A/T,-,AT,BEV,58,2.035,-,225/60R17,150,2.78,4680 X 1845 X 1715,7,4X2,FF,-,4,4,CBU,INA,16,9,50,1,4,9,2,-,-,-,-,-,0%,0%,91
4X2 TYPE,CC < 1.500 [G/D],DFSK,GELORA EC36 MINI BUS 1.5 (4X2) A/T,-,AT,BEV,58,2.035,-,225/60R17,150,2.78,4680 X 1845 X 1715,7,4X2,FF,-,4,4,CBU,INA,-,-,-,2,4,-,1,-,-,-,-,-,0%,0%,7
4X2 TYPE,CC < 1.500 [G/D],SERES,E502 EV (4X2) A/T,-,AT,BEV,-,-,-,-,-,-,-,4,4X2,-,-,-,-,CKD,INA,6,9,8,15,20,15,-,-,-,-,-,-,0%,0%,73
4X2 TYPE,CC < 1.500 [G/D],GWM,HAVAL H6 Hev 1.5T DHT (4x2) A/T,1.499,AT,HYBRID,61,2.14,3.95,225/55 R19,243/240,3,"4,683 x 1,886 x 1,730",5,4X2,FF,200,5,4,CBU,Thailand,-,6,5,3,1,-,1,-,-,-,-,-,0%,0%,16
4X2 TYPE,CC < 1.500 [G/D],GWM,HAVAL Jolion Hev 1.5T DHT (4x2) A/T,1.497,AT,HYBRID,55,-,-,225/55 R18,190/187,2.7,"4,472 X 1,841 X 1,619",5,4X2,FF,200,5,4,CKD,INA,13,31,52,8,61,3,6,-,-,-,-,-,0%,0%,174
4X2 TYPE,CC < 1.500 [G/D],GEELY,EX5 PRO,-,AT,BEV,-,-,-,225/55 R18,218,2.75,4615 × 1901 × 1670,5,4X2,FF,-,5,4,CBU,China,-,-,-,-,-,-,-,-,-,-,-,-,0%,0%,-
4X2 TYPE,CC < 1.500 [G/D],GEELY,EX5 MAX,-,AT,BEV,-,-,-,225/55 R18,218,2.75,4615 × 1901 × 1670,5,4X2,FF,-,5,4,CBU,China,-,66,176,424,377,216,249,-,-,-,-,-,1%,1%,1.508
4X2 TYPE,CC < 1.500 [G/D],HONDA,Brio RS,1.198,MT,G,35,960,-,-,88,2.345,3610 x 1680 x 1485,5,4X2,FF,-,5,4,CKD,INA,77,24,11,8,-,-,32,-,-,-,-,-,0%,0%,152
4X2 TYPE,CC < 1.500 [G/D],HONDA,Brio RS,1.198,CVT,G,35,960,-,-,88,2.345,3610 x 1680 x 1485,5,4X2,FF,-,5,4,CKD,INA,398,697,310,243,152,184,258,-,-,-,-,-,1%,1%,2.242
4X2 TYPE,CC < 1.500 [G/D],HONDA,All New CRV 1.5 T,1.5,CVT,G,-,-,-,"19 x 7,5J",190,2.701,4691 x 1866 x 1681,-,4X2,FF,-,5,4,CKD,INA,17,40,33,-,41,22,21,-,-,-,-,-,0%,0%,174
4X2 TYPE,CC < 1.500 [G/D],HONDA,E:N1,-,CVT,BEV,-,-,-,-,204,2.61,4380 X 1790 X 1592,-,4X2,-,-,4,4,CBU,China,-,-,-,30,6,11,15,-,-,-,-,-,0%,0%,62
4X2 TYPE,CC < 1.500 [G/D],HONDA,All New Veloz 1.5 2021,1.497,CVT,G,-,-,-,-,-,-,-,5,4X2,FF,-,5,4,CKD,INA,30,-,-,-,-,-,-,-,-,-,-,-,0%,0%,30
4X2 TYPE,CC < 1.500 [G/D],HONDA,New HRV E,1.497,CVT,G,-,-,-,-,-,-,-,5,4X2,FF,-,5,4,CKD,INA,95,7,-,-,-,-,-,-,-,-,-,-,0%,0%,102
4X2 TYPE,CC < 1.500 [G/D],HONDA,New HRV SE,1.497,CVT,G,-,-,-,-,-,-,-,5,4X2,FF,-,5,4,CKD,INA,774,1.334,1.033,18,-,-,-,-,-,-,-,-,2%,1%,3.159
4X2 TYPE,CC < 1.500 [G/D],HONDA,New HRV RS,1.497,CVT,G,-,-,-,-,-,-,-,5,4X2,FF,-,5,4,CKD,INA,-,30,-,-,1,-,-,-,-,-,-,-,0%,0%,31
4X2 TYPE,CC < 1.500 [G/D],HONDA,New HR-V E,1.497,CVT,G,40,-,-,-,121,2.61,4347 x 1790 x 1590,-,4X2,FF,-,5,-,CKD,INA,-,-,-,-,112,124,99,-,-,-,-,-,0%,0%,335
4X2 TYPE,CC < 1.500 [G/D],HONDA,New HR-V E+,1.497,CVT,G,40,-,-,-,121,2.61,4347 x 1790 x 1590,-,4X2,FF,-,5,-,CKD,INA,-,-,-,-,447,314,582,-,-,-,-,-,1%,1%,1.343
4X2 TYPE,CC < 1.500 [G/D],HONDA,New HR-V e:HEV,1.497,CVT,HYBRID,40,-,-,-,106/131,2.61,4347 x 1790 x 1590,-,4X2,FF,-,5,-,CKD,INA,-,-,-,-,-,265,839,-,-,-,-,-,1%,0%,1.104
4X2 TYPE,CC < 1.500 [G/D],HONDA,New HR-V RS e:HEV,1.497,CVT,HYBRID,40,-,-,-,106/131,2.61,4347 x 1790 x 1590,-,4X2,FF,-,5,-,CKD,INA,-,-,-,-,-,376,429,-,-,-,-,-,0%,0%,805
4X2 TYPE,CC < 1.500 [G/D],HONDA,CITY HB RS,1.5,MT,G,40,-,-,16 x 6J,121,2.6,4349 x 1748 x 1488,-,4X2,FF,-,5,4,CKD,INA,-,-,-,-,-,-,-,-,-,-,-,-,0%,0%,-
4X2 TYPE,CC < 1.500 [G/D],HONDA,CITY HB RS,1.5,CVT,G,40,-,-,16 x 6J,121,2.6,4349 x 1748 x 1488,-,4X2,FF,-,5,4,CKD,INA,-,1,-,-,-,-,-,-,-,-,-,-,0%,0%,1
4X2 TYPE,CC < 1.500 [G/D],HONDA,NEW CITY HB RS0HS,1.5,CVT,G,40,-,-,16 x 6J,121,2.6,4349 x 1748 x 1488,-,4X2,FF,-,5,4,CKD,INA,48,142,59,58,30,50,66,-,-,-,-,-,0%,0%,453
4X2 TYPE,CC < 1.500 [G/D],HONDA,WRV E,1.5,MT,G,35,-,-,16 x 7J,119,2.485,4060 x 1780 x 1608,-,4X2,FF,-,5,4,CKD,INA,13,9,8,12,18,1,29,-,-,-,-,-,0%,0%,90
4X2 TYPE,CC < 1.500 [G/D],HONDA,WRV E,1.5,CVT,G,35,-,-,16 x 7J,119,2.485,4060 x 1780 x 1608,-,4X2,FF,-,5,4,CKD,INA,9,63,28,-,50,45,1,-,-,-,-,-,0%,0%,196
4X2 TYPE,CC < 1.500 [G/D],HONDA,WRV RS,1.5,CVT,G,35,-,-,17 x 7J,119,2.485,4060 x 1780 x 1608,-,4X2,FF,-,5,4,CKD,INA,444,445,458,162,242,94,198,-,-,-,-,-,1%,1%,2.043
4X2 TYPE,CC < 1.500 [G/D],HONDA,WRV RS 0 HS,1.5,CVT,G,35,-,-,17 x 7J,119,2.485,4060 x 1780 x 1608,-,4X2,FF,-,5,4,CKD,INA,145,152,69,121,375,145,67,-,-,-,-,-,1%,0%,1.074
4X2 TYPE,CC < 1.500 [G/D],HONDA,BRV S,1.5,CVT,G,42,-,-,-,-,-,-,7,4X2,FF,-,5,4,CKD,INA,-,-,300,360,-,210,132,-,-,-,-,-,1%,0%,1.002
4X2 TYPE,CC < 1.500 [G/D],HONDA,BRV E,1.5,CVT,G,42,-,-,-,-,-,-,7,4X2,FF,-,5,4,CKD,INA,21,16,105,2,6,16,50,-,-,-,-,-,0%,0%,216
4X2 TYPE,CC < 1.500 [G/D],HONDA,BRV E,1.5,CVT,G,42,-,-,-,-,-,-,7,4X2,FF,-,5,4,CKD,INA,114,171,93,9,93,32,97,-,-,-,-,-,0%,0%,609
4X2 TYPE,CC < 1.500 [G/D],HONDA,BRV E Prestige,1.5,CVT,G,42,-,-,-,-,-,-,7,4X2,FF,-,5,4,CKD,INA,615,727,32,52,191,18,153,-,-,-,-,-,1%,1%,1.788
4X2 TYPE,CC < 1.500 [G/D],HONDA,BRV Prestige0HS,1.5,CVT,G,42,-,-,-,-,-,-,7,4X2,FF,-,5,4,CKD,INA,121,120,83,-,55,12,89,-,-,-,-,-,0%,0%,480
4X2 TYPE,CC < 1.500 [G/D],HYUNDAI - HMID,Venue,998,AT,G,-,-,-,-,-,-,-,5,4X2,-,-,5,4,CBU,India,-,22,6,1,1,1,-,-,-,-,-,-,0%,0%,31
4X2 TYPE,CC < 1.500 [G/D],HYUNDAI - HMID,Creta Prime 1.5 IVT,1.5,AT,G,40,1.66,-,215/60/R17,115,2.61,4315 x 1790 x 1630,5,4X2,FF,-,5,4,CKD,INA,101,95,31,-,-,1,-,-,-,-,-,-,0%,0%,228
4X2 TYPE,CC < 1.500 [G/D],HYUNDAI - HMID,Creta Prime 1.5 IVT Two Tone,1.5,AT,G,40,1.66,-,215/60/R17,115,2.61,4315 x 1790 x 1630,5,4X2,FF,-,5,4,CKD,INA,183,59,72,-,-,-,-,-,-,-,-,-,0%,0%,314
4X2 TYPE,CC < 1.500 [G/D],HYUNDAI - HMID,Creta Prime 1.5 IVT Alpha,1.5,AT,G,40,1.66,-,215/60/R17,115,2.61,4315 x 1790 x 1630,5,4X2,FF,-,5,4,CKD,INA,133,17,3,-,-,-,-,-,-,-,-,-,0%,0%,153
4X2 TYPE,CC < 1.500 [G/D],HYUNDAI - HMID,Creta FL Active 1.5 MT,1.5,MT,G,40,1.66,-,215/60/R17,115,2.61,4330 x 1790 x 1635,5,4X2,FF,-,5,4,CKD,INA,-,-,-,3,1,1,-,-,-,-,-,-,0%,0%,5
4X2 TYPE,CC < 1.500 [G/D],HYUNDAI - HMID,Creta FL Trend 1.5 MT,1.5,MT,G,40,1.66,-,215/60/R17,115,2.61,4330 x 1790 x 1635,5,4X2,FF,-,5,4,CKD,INA,1,2,2,2,2,1,2,-,-,-,-,-,0%,0%,12
4X2 TYPE,CC < 1.500 [G/D],HYUNDAI - HMID,Creta FL Trend 1.5 IVT,1.5,AT,G,40,1.685,-,215/60/R17,115,2.61,4330 x 1790 x 1635,5,4X2,FF,-,5,4,CKD,INA,74,21,40,34,40,27,19,-,-,-,-,-,0%,0%,255
4X2 TYPE,CC < 1.500 [G/D],HYUNDAI - HMID,Creta FL Style 1.5 IVT,1.5,AT,G,40,1.685,-,215/60/R17,115,2.61,4330 x 1790 x 1635,5,4X2,FF,-,5,4,CKD,INA,11,13,15,20,22,2,17,-,-,-,-,-,0%,0%,100
4X2 TYPE,CC < 1.500 [G/D],HYUNDAI - HMID,Creta FL Prime 1.5 IVT,1.5,AT,G,40,1.685,-,215/60/R17,115,2.61,4330 x 1790 x 1635,5,4X2,FF,-,5,4,CKD,INA,85,70,85,48,78,50,29,-,-,-,-,-,0%,0%,445
4X2 TYPE,CC < 1.500 [G/D],HYUNDAI - HMID,Creta FL Prime 1.5 IVT Two Tone,1.5,AT,G,40,1.685,-,215/60/R17,115,2.61,4330 x 1790 x 1635,5,4X2,FF,-,5,4,CKD,INA,107,69,73,54,70,22,30,-,-,-,-,-,0%,0%,425
4X2 TYPE,CC < 1.500 [G/D],HYUNDAI - HMID,Creta FL N Line 1.5 IVT,1.5,AT,G,40,1.685,-,215/55/R18,115,2.61,4330 x 1790 x 1635,5,4X2,FF,-,5,4,CKD,INA,114,118,85,43,39,22,8,-,-,-,-,-,0%,0%,429
4X2 TYPE,CC < 1.500 [G/D],HYUNDAI - HMID,Creta FL N Line 1.5 IVT Two Tone,1.5,AT,G,40,1.685,-,215/55/R18,115,2.61,4330 x 1790 x 1635,5,4X2,FF,-,5,4,CKD,INA,184,207,269,205,196,140,122,-,-,-,-,-,1%,1%,1.323
4X2 TYPE,CC < 1.500 [G/D],HYUNDAI - HMID,Creta FL N Line 1.5T IVT,1.5,AT,G,40,1.755,-,215/55/R18,118,2.61,4330 x 1790 x 1635,5,4X2,FF,-,5,4,CKD,INA,31,30,18,6,3,4,2,-,-,-,-,-,0%,0%,94
4X2 TYPE,CC < 1.500 [G/D],HYUNDAI - HMID,Creta FL N Line 1.5T IVT Two Tone,1.5,AT,G,40,1.755,-,215/55/R18,118,2.61,4330 x 1790 x 1635,5,4X2,FF,-,5,4,CKD,INA,57,43,27,1,8,25,16,-,-,-,-,-,0%,0%,177
4X2 TYPE,CC < 1.500 [G/D],HYUNDAI - HMID,Stargazer Active MT,1.5,MT,G,40,1.78,-,205/55/R15,115,2.78,4460 x 1780 x 1695,7,4X2,FF,-,5,4,CKD,INA,138,3,8,1,6,4,6,-,-,-,-,-,0%,0%,166
4X2 TYPE,CC < 1.500 [G/D],HYUNDAI - HMID,Stargazer Active IVT,1.5,AT,G,40,1.83,-,205/55/R15,115,2.78,4460 x 1780 x 1695,7,4X2,FF,-,5,4,CKD,INA,2,4,3,11,8,2,3,-,-,-,-,-,0%,0%,33
4X2 TYPE,CC < 1.500 [G/D],HYUNDAI - HMID,Stargazer Trend IVT 6 Seat,1.5,AT,G,40,1.83,-,205/55/R16,115,2.78,4460 x 1780 x 1695,6,4X2,FF,-,5,4,CKD,INA,-,-,1,-,-,-,-,-,-,-,-,-,0%,0%,1
4X2 TYPE,CC < 1.500 [G/D],HYUNDAI - HMID,Stargazer Essential Tech 7 Seat,1.5,AT,G,40,1.83,-,205/55/R16,115,2.78,4460 x 1780 x 1695,7,4X2,FF,-,5,4,CKD,INA,-,66,85,81,74,21,63,-,-,-,-,-,0%,0%,390
4X2 TYPE,CC < 1.500 [G/D],HYUNDAI - HMID,Stargazer Essential Tech 6 Seat,1.5,AT,G,40,1.83,-,205/55/R16,115,2.78,4460 x 1780 x 1695,6,4X2,FF,-,5,4,CKD,INA,-,95,127,135,116,33,107,-,-,-,-,-,0%,0%,613
4X2 TYPE,CC < 1.500 [G/D],HYUNDAI - HMID,Stargazer Prime 7 Seat,1.5,AT,G,40,1.83,-,205/55/R16,115,2.78,4460 x 1780 x 1695,7,4X2,FF,-,5,4,CKD,INA,1,84,62,43,45,7,23,-,-,-,-,-,0%,0%,265
4X2 TYPE,CC < 1.500 [G/D],HYUNDAI - HMID,Stargazer Prime 6 Seat,1.5,AT,G,40,1.83,-,205/55/R16,115,2.78,4460 x 1780 x 1695,6,4X2,FF,-,5,4,CKD,INA,6,153,118,83,54,12,76,-,-,-,-,-,0%,0%,502
4X2 TYPE,CC < 1.500 [G/D],HYUNDAI - HMID,Stargazer Prime 7 Seat Two Tone,1.5,AT,G,40,1.83,-,205/55/R16,115,2.78,4460 x 1780 x 1695,7,4X2,FF,-,5,4,CKD,INA,16,13,5,9,2,-,2,-,-,-,-,-,0%,0%,47
4X2 TYPE,CC < 1.500 [G/D],HYUNDAI - HMID,Stargazer Prime 6 Seat Two Tone,1.5,AT,G,40,1.83,-,205/55/R16,115,2.78,4460 x 1780 x 1695,6,4X2,FF,-,5,4,CKD,INA,135,28,31,19,5,1,1,-,-,-,-,-,0%,0%,220
4X2 TYPE,CC < 1.500 [G/D],HYUNDAI - HMID,Stargazer Essential MT 7 Seat,1.5,MT,G,40,1.83,-,205/55/R16,115,2.78,4460 x 1780 x 1695,6,4X2,FF,-,5,4,CKD,INA,4,2,5,8,4,6,2,-,-,-,-,-,0%,0%,31
4X2 TYPE,CC < 1.500 [G/D],HYUNDAI - HMID,Stargazer Essential MT 6 Seat,1.5,MT,G,40,1.83,-,205/55/R16,115,2.78,4460 x 1780 x 1695,6,4X2,FF,-,5,4,CKD,INA,5,5,2,-,-,-,2,-,-,-,-,-,0%,0%,14
4X2 TYPE,CC < 1.500 [G/D],HYUNDAI - HMID,Stargazer Essential IVT 7 Seat,1.5,AT,G,40,1.83,-,205/55/R16,115,2.78,4460 x 1780 x 1695,6,4X2,FF,-,5,4,CKD,INA,105,40,86,91,102,40,140,-,-,-,-,-,0%,0%,604
4X2 TYPE,CC < 1.500 [G/D],HYUNDAI - HMID,Stargazer Essential IVT 6 Seat,1.5,AT,G,40,1.83,-,205/55/R16,115,2.78,4460 x 1780 x 1695,6,4X2,FF,-,5,4,CKD,INA,137,59,116,125,119,47,55,-,-,-,-,-,0%,0%,658
4X2 TYPE,CC < 1.500 [G/D],HYUNDAI - HMID,Stargazer X Style 7 Seat,1.5,AT,G,40,1.83,-,205/55/R16,115,2.78,4460 x 1780 x 1695,6,4X2,FF,-,5,4,CKD,INA,-,-,6,-,-,-,-,-,-,-,-,-,0%,0%,6
4X2 TYPE,CC < 1.500 [G/D],HYUNDAI - HMID,Stargazer X Style 6 Seat,1.5,AT,G,40,1.83,-,205/55/R16,115,2.78,4460 x 1780 x 1695,6,4X2,FF,-,5,4,CKD,INA,-,-,1,-,-,-,-,-,-,-,-,-,0%,0%,1
4X2 TYPE,CC < 1.500 [G/D],HYUNDAI - HMID,Stargazer X Prime 7 Seat,1.5,AT,G,40,1.83,-,205/55/R16,115,2.78,4460 x 1780 x 1695,6,4X2,FF,-,5,4,CKD,INA,95,68,79,36,35,11,22,-,-,-,-,-,0%,0%,346
4X2 TYPE,CC < 1.500 [G/D],HYUNDAI - HMID,Stargazer X Prime 6 Seat,1.5,AT,G,40,1.83,-,205/55/R16,115,2.78,4460 x 1780 x 1695,6,4X2,FF,-,5,4,CKD,INA,161,117,152,130,110,18,66,-,-,-,-,-,0%,0%,754
4X2 TYPE,CC < 1.500 [G/D],HYUNDAI - HMID,Stargazer X Prime 7 Seat Two Tone,1.5,AT,G,40,1.83,-,205/55/R16,115,2.78,4460 x 1780 x 1695,6,4X2,FF,-,5,4,CKD,INA,10,13,8,5,3,3,3,-,-,-,-,-,0%,0%,45
4X2 TYPE,CC < 1.500 [G/D],HYUNDAI - HMID,Stargazer X Prime 6 Seat Two Tone,1.5,AT,G,40,1.83,-,205/55/R16,115,2.78,4460 x 1780 x 1695,6,4X2,FF,-,5,4,CKD,INA,24,20,13,24,15,8,18,-,-,-,-,-,0%,0%,122
4X2 TYPE,CC < 1.500 [G/D],HYUNDAI - HMID,Stargazer Cartenz Prime HSS 7 Seat,1.5,AT,G,-,-,-,-,-,2.78,4575 x 1780 x 1710,7,4X2,FF,-,5,4,CKD,INA,-,-,-,-,-,-,24,-,-,-,-,-,0%,0%,24
4X2 TYPE,CC < 1.500 [G/D],HYUNDAI - HMID,Stargazer Cartenz Prime HSS 6 Seat,1.5,AT,G,-,-,-,-,-,2.78,4575 x 1780 x 1710,6,4X2,FF,-,5,4,CKD,INA,-,-,-,-,-,-,168,-,-,-,-,-,0%,0%,168
4X2 TYPE,CC < 1.500 [G/D],HYUNDAI - HMID,Ioniq5,-,AT,BEV,-,-,-,-,-,-,-,5,4X2,FF,-,5,4,CKD,South Korea,-,-,-,-,-,-,-,-,-,-,-,-,0%,0%,-
4X2 TYPE,CC < 1.500 [G/D],HYUNDAI - HMID,Ioniq5 Prime Reguler,-,AT,BEV,-,-,-,-,-,-,-,5,4X2,FF,-,5,4,CKD,INA,3,1,-,-,-,-,-,-,-,-,-,-,0%,0%,4
4X2 TYPE,CC < 1.500 [G/D],HYUNDAI - HMID,Ioniq5 Prime Extended,-,AT,BEV,-,-,-,-,-,-,-,5,4X2,FF,-,5,4,CKD,INA,1,3,13,1,11,1,-,-,-,-,-,-,0%,0%,30
4X2 TYPE,CC < 1.500 [G/D],HYUNDAI - HMID,Ioniq5 Signature Reguler,-,AT,BEV,-,-,-,-,-,-,-,5,4X2,FF,-,5,4,CKD,INA,-,3,11,-,-,-,-,-,-,-,-,-,0%,0%,14
4X2 TYPE,CC < 1.500 [G/D],HYUNDAI - HMID,Ioniq5 Signature Extended,-,AT,BEV,-,-,-,-,-,-,-,5,4X2,FF,-,5,4,CKD,INA,53,97,60,47,213,3,18,-,-,-,-,-,0%,0%,491
4X2 TYPE,CC < 1.500 [G/D],HYUNDAI - HMID,Ioniq5 Signature N,-,AT,BEV,-,-,-,-,-,-,-,5,4X2,FF,-,5,4,CKD,INA,4,5,5,2,2,1,1,-,-,-,-,-,0%,0%,20
4X2 TYPE,CC < 1.500 [G/D],JAECOO,J7,1.5,-,PHEV,-,-,-,-,-,-,-,-,4X2,-,-,-,-,CKD,INA,-,-,-,-,-,120,-,-,-,-,-,-,0%,0%,120
4X2 TYPE,CC < 1.500 [G/D],JETOUR,Dashing Journey,1.498,AT,G,57,1.513,-,18,156,2.72,4590 x 1900 x 1685,5,4X2,FF,-,5,4,CKD,INA,-,10,3,3,-,1,4,-,-,-,-,-,0%,0%,21
4X2 TYPE,CC < 1.500 [G/D],JETOUR,Dashing Inspira,1.498,AT,G,57,1.55,-,19,156,2.72,4590 x 1900 x 1685,5,4X2,FF,-,5,4,CKD,INA,-,36,48,5,9,64,26,-,-,-,-,-,0%,0%,188
4X2 TYPE,CC < 1.500 [G/D],JETOUR,X70P Journey,1.498,AT,G,57,1.551,-,19,156,2.72,4724 x 1900 x 1720,7,4X2,FF,-,5,4,CKD,INA,-,-,3,-,-,1,2,-,-,-,-,-,0%,0%,6
4X2 TYPE,CC < 1.500 [G/D],JETOUR,X70P Inspira,1.498,AT,G,57,1.576,-,19,156,2.72,4724 x 1900 x 1720,7,4X2,FF,-,5,4,CKD,INA,-,36,10,12,11,22,27,-,-,-,-,-,0%,0%,118
4X2 TYPE,CC < 1.500 [G/D],KIA,Sonet Premiere,1.5,AT,G,55,1.705,-,215/60 R17,140/6000,2.61,4315 x 1800 x 1620,5,4X2,FF,7,5,4,CBU,India,30,-,-,-,-,-,1,-,-,-,-,-,0%,0%,31
4X2 TYPE,CC < 1.500 [G/D],KIA,Sonet Premiere,1.5,MT,G,55,1.705,-,215/60 R17,140/6000,2.61,4315 x 1800 x 1620,5,4X2,FF,7,5,4,CBU,India,-,-,-,-,-,-,-,-,-,-,-,-,0%,0%,-
4X2 TYPE,CC < 1.500 [G/D],KIA,Carens,1.353,AT,G,80,2.96,3.195,235/60 R18,270/6400,3.09,5155 x 2000 x 1785,11,4X2,FF,8,5,4,CBU,India,-,-,-,1,-,-,-,-,-,-,-,-,0%,0%,1
4X2 TYPE,CC < 1.500 [G/D],KIA,Carens,1.497,AT,G,80,2.96,3.195,235/60 R18,202/3800,3.09,5155 x 2000 x 1785,11,4X2,FF,8,5,4,CBU,India,-,2,-,-,-,1,2,-,-,-,-,-,0%,0%,5
4X2 TYPE,CC < 1.500 [G/D],LEXUS,LBX Luxury 1.5 Cvt Hev,1.49,CVT,HYBRID,-,1.755,-,225 / 55 R18,-,2.58,4190X1825X1550,5,4X2,FR,-,4,4,CBU,Japan,1,3,4,8,3,3,-,-,-,-,-,-,0%,0%,22
4X2 TYPE,CC < 1.500 [G/D],LEXUS,"LBX Sport 1,5 Cvt HEV",1.49,CVT,HYBRID,-,1.755,-,225 / 55 R18,-,2.58,4190X1825X1550,5,4X2,FR,-,4,4,CBU,Japan,-,2,-,-,2,1,1,-,-,-,-,-,0%,0%,6
4X2 TYPE,CC < 1.500 [G/D],MAZDA,Mazda 2 GT AT,1.498,AT,G,43,-,4.147,195/45R16,103,2.49,3913 x 1695 x 1475,5,4X2,FF,-,5,4,CBU,Thailand,-,-,-,-,-,-,-,-,-,-,-,-,0%,0%,-
4X2 TYPE,CC < 1.500 [G/D],MAZDA,CX-3 Kuro,1.496,AT,G,48,-,-,215/50R18,111,2.57,4275 x 1765 x 1535,5,4X2,FF,-,5,4,CBU,Thailand,-,-,-,-,-,-,16,-,-,-,-,-,0%,0%,16
4X2 TYPE,CC < 1.500 [G/D],MAZDA,MX-3 BEV,-,AT,BEV,-,-,-,215/55R18,145,2.655,4395 x 1795 x 1555,5,4X2,FF,-,5,4,CBU,Japan,2,-,1,-,1,-,1,-,-,-,-,-,0%,0%,5
4X2 TYPE,CC < 1.500 [G/D],MAXUS,MIFA 7,-,AT,BEV,-,-,-,-,-,-,-,-,4X2,-,-,-,4,-,China,6,2,11,1,1,-,3,-,-,-,-,-,0%,0%,24
4X2 TYPE,CC < 1.500 [G/D],MAXUS,MIFA 9,-,AT,BEV,-,-,-,-,-,-,-,-,4X2,-,-,-,4,-,China,17,6,10,2,3,1,2,-,-,-,-,-,0%,0%,41
4X2 TYPE,CC < 1.500 [G/D],MAXUS,MIFA 7 Lombardi,-,AT,BEV,-,-,-,-,-,-,-,-,4X2,-,-,-,4,-,China,-,-,-,-,-,-,-,-,-,-,-,-,0%,0%,-
4X2 TYPE,CC < 1.500 [G/D],MAXUS,MIFA 9 Lombardi,-,AT,BEV,-,-,-,-,-,-,-,-,4X2,-,-,-,4,-,China,-,-,-,-,-,-,1,-,-,-,-,-,0%,0%,1
4X2 TYPE,CC < 1.500 [G/D],MORRIS GARAGE,ZS Ignite 1.5L CVT,1.498,AT,G,48,1.258,-,215/60 R16,114,2.585,4323 x 1809 x 1653,5,4X2,FF,4,5,4,CBU,Thailand,-,-,-,-,-,-,1,-,-,-,-,-,0%,0%,1
4X2 TYPE,CC < 1.500 [G/D],MORRIS GARAGE,ZS Magnify 1.5L CVT,1.498,AT,G,48,1.258,-,215/55 R17,114,2.585,4323 x 1809 x 1653,5,4X2,FF,4,5,4,CBU,Thailand,3,1,1,-,3,1,16,-,-,-,-,-,0%,0%,25
4X2 TYPE,CC < 1.500 [G/D],MORRIS GARAGE,New HS i0Smart Magnify,1.49,AT,G,55,1.51,-,235/50 R18,162,2.72,4574 x 1876 x 1664,5,4X2,FF,7,5,4,CBU,Thailand,-,-,1,-,-,-,1,-,-,-,-,-,0%,0%,2
4X2 TYPE,CC < 1.500 [G/D],MORRIS GARAGE,4 EV Magnify CKD,-,AT,BEV,-,-,-,215/50 R17,125,2.705,4278 x 1836 x 1516,5,4X2,RR,-,5,4,CKD,INA,95,189,137,102,31,7,66,-,-,-,-,-,0%,0%,627
4X2 TYPE,CC < 1.500 [G/D],MORRIS GARAGE,4 EV Magnify Max CKD,-,AT,BEV,-,-,-,215/50 R17,125,2.705,4278 x 1836 x 1516,5,4X2,RR,-,5,4,CKD,INA,-,-,-,-,-,-,39,-,-,-,-,-,0%,0%,39
4X2 TYPE,CC < 1.500 [G/D],MORRIS GARAGE,ZS EV Magnify,-,AT,BEV,-,-,-,215/55 R17,130,2.585,4323 x 1809 x 1649,5,4X2,FR,-,5,4,CKD,INA,33,26,26,8,32,48,11,-,-,-,-,-,0%,0%,184
4X2 TYPE,CC < 1.500 [G/D],MORRIS GARAGE,4 EV Ignite CKD,-,AT,BEV,-,-,-,215/50 R17,125,2.705,4278 x 1836 x 1516,5,4X2,RR,-,5,4,CKD,INA,-,-,-,-,50,87,-,-,-,-,-,-,0%,0%,137
4X2 TYPE,CC < 1.500 [G/D],MORRIS GARAGE,ZS EV Ignite,-,AT,BEV,-,-,-,215/55 R17,130,2.585,4323 x 1809 x 1649,5,4X2,FR,-,5,4,CKD,INA,-,-,-,-,17,-,-,-,-,-,-,-,0%,0%,17
4X2 TYPE,CC < 1.500 [G/D],MORRIS GARAGE,VS HEV Magnify,1.498,AT,HYBRID,48,1.45,-,215/55 R17,109,2.585,4370 x 1809 x 1653,5,4X2,FR,-,5,4,CBU,Thailand,3,4,2,1,-,-,7,-,-,-,-,-,0%,0%,17
4X2 TYPE,CC < 1.500 [G/D],MORRIS GARAGE,EP,-,AT,BEV,-,1.102,-,205/60 R16,163,2.665,4544x1818x1543,5,4X2,FF,-,5,4,CBU,Thailand,-,-,-,-,-,-,-,-,-,-,-,-,0%,0%,-
4X2 TYPE,CC < 1.500 [G/D],MINI,Cooper Hatch A/T,1.499,AT,G,40,1.595,-,205/45 R17 88W,-,2.495,3821 x 1727 x 1414,-,4X2,FR,-,-,4,CBU,UK,-,-,-,-,-,-,-,-,-,-,-,-,0%,0%,-
4X2 TYPE,CC < 1.500 [G/D],MINI,Cooper 5 Door A/T,1.499,AT,G,40,1.71,-,205/45 R17 88W,-,2.567,3982 x 1727 x 1425,-,4X2,FR,-,-,4,CBU,UK,1,-,1,-,-,-,-,-,-,-,-,-,0%,0%,2
4X2 TYPE,CC < 1.500 [G/D],MINI,Cooper Countryman F60 CKD A/T,1.499,AT,G,61,1.985,-,225/50 R18 95W,136,2.67,4299 x 1822 x 1557,-,4X2,FF,-,-,4,CKD,INA,-,4,-,-,-,-,-,-,-,-,-,-,0%,0%,4
4X2 TYPE,CC < 1.500 [G/D],MINI,Cooper SE Hatch A/T,-,AT,BEV,-,1.775,-,205/45 R17 88W,-,2.495,3850 x 1727 x 1432,-,4X2,FF,-,-,4,CBU,UK,1,17,-,-,-,1,-,-,-,-,-,-,0%,0%,19
4X2 TYPE,CC < 1.500 [G/D],MINI,Cooper SE A/T,-,AT,BEV,-,1.605,-,5/60 R16 93 H XL;205/50 R17 93 H X,218,2.526,3858 x 1756 x 1460,4,4X2,FF,-,3,4,CBU,China,2,9,-,4,-,2,4,-,-,-,-,-,0%,0%,21
4X2 TYPE,CC < 1.500 [G/D],MINI,Cbu Aceman Se At 82Gc,-,AT,BEV,-,1.71,-,5/55 R17 95 H XL;205/55 R17 95 H X,218,2.606,4079 x 1754 x 1514,5,4X2,FF,-,5,4,CBU,China,-,6,8,1,2,2,-,-,-,-,-,-,0%,0%,19
4X2 TYPE,CC < 1.500 [G/D],MITSUBISHI MOTORS,Xpander 1.5L ULTIMATE (4X2) CVT,1.499,CVT,G,45,1.84,4.375,205/55 R17,104,2.775,4595 X 1750 X 1750,7,4X2,FF,-,4,4,CKD,INA,1.224,1.092,948,618,960,812,625,-,-,-,-,-,3%,3%,6.279
4X2 TYPE,CC < 1.500 [G/D],MITSUBISHI MOTORS,Xpander 1.5L ULTIMATE0L (4X2) MT,1.499,MT,G,45,1.84,4.375,205/55 R17,104,2.775,4595 X 1750 X 1750,7,4X2,FF,-,4,4,CKD,INA,73,57,79,48,47,36,38,-,-,-,-,-,0%,0%,378
4X2 TYPE,CC < 1.500 [G/D],MITSUBISHI MOTORS,Xpander 1.5L EXCEED (4X2) CVT,1.499,CVT,G,45,1.84,4.375,195/65 R16,104,2.775,4595 X 1750 X 1750,7,4X2,FF,-,4,4,CKD,INA,202,230,173,31,172,338,300,-,-,-,-,-,1%,1%,1.446
4X2 TYPE,CC < 1.500 [G/D],MITSUBISHI MOTORS,Xpander 1.5L EXCEED (4X2) M/T,1.499,AT,G,45,1.84,4.375,195/65 R16,104,2.775,4595 X 1750 X 1750,7,4X2,FF,-,4,4,CKD,INA,120,138,137,67,82,222,119,-,-,-,-,-,0%,0%,885
4X2 TYPE,CC < 1.500 [G/D],MITSUBISHI MOTORS,Xpander 1.5L GLS (4X2) CVT,1.499,CVT,G,45,1.84,4.375,195/65 R16,104,2.775,4595 X 1750 X 1730,7,4X2,FF,-,4,4,CKD,INA,-,2,-,-,26,16,55,-,-,-,-,-,0%,0%,99
4X2 TYPE,CC < 1.500 [G/D],MITSUBISHI MOTORS,Xpander 1.5L GLS (4X2) M/T,1.499,AT,G,45,1.84,4.375,195/65 R16,104,2.775,4595 X 1750 X 1730,7,4X2,FF,-,4,4,CKD,INA,75,132,16,-,9,5,144,-,-,-,-,-,0%,0%,381
4X2 TYPE,CC < 1.500 [G/D],MITSUBISHI MOTORS,Xpander Cross 1.5L PREMIUM (4X2) CVT,1.499,CVT,G,45,1.84,4.375,205/55 R17,105,2.775,4500 X 1800 X 1750,7,4X2,FF,-,4,4,CKD,INA,785,753,755,527,572,755,608,-,-,-,-,-,2%,2%,4.755
4X2 TYPE,CC < 1.500 [G/D],MITSUBISHI MOTORS,Xpander Cross 1.5L (4X2) CVT,1.499,CVT,G,45,1.84,4.375,205/55 R17,105,2.775,4500 X 1800 X 1750,7,4X2,FF,-,4,4,CKD,INA,-,-,-,-,-,-,-,-,-,-,-,-,0%,0%,-
4X2 TYPE,CC < 1.500 [G/D],MITSUBISHI MOTORS,Xpander Cross 1.5L (4X2) M/T,1.499,AT,G,45,1.84,4.375,205/55 R17,105,2.775,4500 X 1800 X 1750,7,4X2,FF,-,4,4,CKD,INA,201,136,181,79,91,106,110,-,-,-,-,-,0%,0%,904
4X2 TYPE,CC < 1.500 [G/D],MITSUBISHI MOTORS,Destinator 1.5L Ultimate Premium (4X2) A/T,1.499,CVT,G,45,2.09,6.386,225/55 R18,120,2.815,4680 X 1840 X 1780,7,4X2,FF,-,4,4,CKD,INA,-,-,-,-,-,-,96,-,-,-,-,-,0%,0%,96
4X2 TYPE,CC < 1.500 [G/D],MITSUBISHI MOTORS,Destinator 1.5L Ultimate (4X2) A/T,1.499,CVT,G,45,2.09,6.386,225/55 R18,120,2.815,4680 X 1840 X 1780,7,4X2,FF,-,4,4,CKD,INA,-,-,-,-,-,-,218,-,-,-,-,-,0%,0%,218
4X2 TYPE,CC < 1.500 [G/D],MITSUBISHI MOTORS,Destinator 1.5L Gls (4X2) A/T,1.499,CVT,G,45,2.09,6.386,225/55 R18,120,2.815,4680 X 1840 X 1780,7,4X2,FF,-,4,4,CKD,INA,-,-,-,-,-,-,22,-,-,-,-,-,0%,0%,22
4X2 TYPE,CC < 1.500 [G/D],MITSUBISHI MOTORS,Destinator 1.5L Exceed (4X2) A/T,1.499,CVT,G,45,2.09,6.386,225/55 R18,120,2.815,4680 X 1840 X 1780,7,4X2,FF,-,4,4,CKD,INA,-,-,-,-,-,-,22,-,-,-,-,-,0%,0%,22
4X2 TYPE,CC < 1.500 [G/D],MITSUBISHI MOTORS,Xforce Ultimate DS,1.499,CVT,G,42,1.73,5.698,225/50R18,103,2.65,4390 x 1810 x 1660,5,4X2,FF,-,4,4,CKD,INA,112,200,179,255,203,201,149,-,-,-,-,-,1%,1%,1.299
4X2 TYPE,CC < 1.500 [G/D],MITSUBISHI MOTORS,Xforce Ultimate 1.5L 4X2 A/T,1.499,AT,G,42,1.73,5.698,225/50/R18,105,2.65,4390x1810x1660,5,4X2,FF,-,4,4,CKD,INA,238,254,51,2,-,-,2,-,-,-,-,-,0%,0%,547
4X2 TYPE,CC < 1.500 [G/D],MITSUBISHI MOTORS,Xforce Exceed 1.5L 4X2 A/T,1.499,AT,G,42,1.73,5.698,225/50/R18,105,2.65,4390x1810x1660,5,4X2,FF,-,4,4,CKD,INA,23,68,230,-,-,-,3,-,-,-,-,-,0%,0%,324
4X2 TYPE,CC < 1.500 [G/D],MITSUBISHI MOTORS,L100 EV,-,-,BEV,-,1.66,-,145 R12 8PP,-,-,3395 x 1475 x 1915,2,4X2,FF,-,3,4,CKD,INA,-,1,1,28,-,3,2,-,-,-,-,-,0%,0%,35
4X2 TYPE,CC < 1.500 [G/D],MERCEDES-BENZ PC,EQB 250,-,AT,BEV,-,-,-,-,-,-,-,5,4X2,FR,-,5,4,CBU,-,-,-,1,-,1,2,2,-,-,-,-,-,0%,0%,6
4X2 TYPE,CC < 1.500 [G/D],MERCEDES-BENZ PC,GLA 200 Progressive Line ( H247),1.332,AT,G,43,1.885,7,225/45 R18,163,2.729,"4,419 x 1,992 x 1,440",5,4X2,FF,-,5,4,CBU,-,-,-,-,-,-,-,-,-,-,-,-,-,0%,0%,-
4X2 TYPE,CC < 1.500 [G/D],MERCEDES-BENZ PC,GLB 200 Progressive Line ( X247),1.332,AT,G,43,1.885,7,225/45 R18,163,2.729,"4,419 x 1,992 x 1,440",5,4X2,FF,-,5,4,CBU,-,1,2,-,-,-,3,4,-,-,-,-,-,0%,0%,10
4X2 TYPE,CC < 1.500 [G/D],NISSAN,Livina VL,1.498,AT,G,-,-,-,-,-,-,-,-,4X2,-,-,-,-,CKD,INA,6,21,28,27,15,16,13,-,-,-,-,-,0%,0%,126
4X2 TYPE,CC < 1.500 [G/D],NISSAN,All New Serena Highway Star e0Power,1.422,AT,G,60,1.965,-,195/60/R16,"147 / 5,600",2.86,"4,770 x 1,735 x 1,865",-,4X2,-,-,5,4,CBU,Japan,6,105,1,72,8,101,110,-,-,-,-,-,0%,0%,403
4X2 TYPE,CC < 1.500 [G/D],NISSAN,KICKS E-POWER,1.2,AT,HYBRID,-,-,-,-,-,-,-,-,4X2,-,-,-,-,CBU,Thailand,3,1,13,-,1,1,1,-,-,-,-,-,0%,0%,20
4X2 TYPE,CC < 1.500 [G/D],NISSAN,Leaf,-,AT,BEV,-,-,-,-,-,-,-,-,4X2,-,-,-,-,CBU,Japan,-,-,-,-,-,-,-,-,-,-,-,-,0%,0%,-
4X2 TYPE,CC < 1.500 [G/D],NISSAN,Magnite Premium Turbo CVT,999,AT,G,-,-,-,-,-,-,"3.994 x 1,758 x 1.572",5,4X2,-,-,5,4,CBU,Thailand,12,19,39,53,31,1,-,-,-,-,-,-,0%,0%,155
4X2 TYPE,CC < 1.500 [G/D],NETA,NETA V II EV,-,AT,BEV,-,2.135,-,225/60R18,160,2.77,4619x1860x1628,5,4X2,FF,-,5,4,CKD,INA,57,40,47,42,46,66,30,-,-,-,-,-,0%,0%,328
4X2 TYPE,CC < 1.500 [G/D],NETA,NETA X EV 500 SUPREME,-,AT,BEV,-,2.175,-,225/60R18,160,2.77,4619x1860x1628,5,4X2,FF,-,5,4,CKD,INA,33,13,8,10,14,18,9,-,-,-,-,-,0%,0%,105
4X2 TYPE,CC < 1.500 [G/D],GWM,ORA 03 400 PRO (4X2) A/T,-,AT,BEV,-,-,-,215/50 R18,143/141,2.65,"4,235 x 1,825 x 1,596",5,4X2,FF,152,5,4,CBU,China,-,-,-,-,-,10,-,-,-,-,-,-,0%,0%,10
4X2 TYPE,CC < 1.500 [G/D],SUZUKI,Alpha Hybrid 2Tone Mt,1.462,AT,HYBRID,45,1.73,4.375,195/65 R16,105,2.74,4450 X 1775 X 1710,7,4X2,FF,-,5,4,CKD,INA,108,17,121,45,63,46,56,-,-,-,-,-,0%,0%,456
4X2 TYPE,CC < 1.500 [G/D],SUZUKI,Alpha Hybrid 2Tone At,1.462,AT,HYBRID,45,1.73,4.375,195/65 R16,105,2.74,4450 X 1775 X 1710,7,4X2,FF,-,5,4,CKD,INA,388,479,489,215,344,305,205,-,-,-,-,-,1%,1%,2.425
4X2 TYPE,CC < 1.500 [G/D],SUZUKI,Fronx Gl Mt,1.462,MT,G,37,1.48,4.412,195/60 R16,105,2.52,3995 X 1765 X 15500,5,4X2,FF,-,5,4,CKD,INA,-,-,-,-,-,112,38,-,-,-,-,-,0%,0%,150
4X2 TYPE,CC < 1.500 [G/D],SUZUKI,Fronx Gl At,1.462,AT,G,37,1.48,4.145,195/60 R16,105,2.52,3995 X 1765 X 15500,5,4X2,FF,-,5,4,CKD,INA,-,-,-,-,-,221,112,-,-,-,-,-,0%,0%,333
4X2 TYPE,CC < 1.500 [G/D],SUZUKI,Fronx Hybrid Gx Mt,1.462,MT,HYBRID,37,1.48,4.412,195/60 R16,105,2.52,3995 X 1765 X 15500,5,4X2,FF,-,5,4,CKD,INA,-,-,-,-,-,99,128,-,-,-,-,-,0%,0%,227
4X2 TYPE,CC < 1.500 [G/D],SUZUKI,Fronx Hybrid Gx At,1.462,AT,HYBRID,37,1.48,3.683,195/60 R16,105,2.52,3995 X 1765 X 15500,5,4X2,FF,-,5,4,CKD,INA,-,-,-,-,-,363,375,-,-,-,-,-,0%,0%,738
4X2 TYPE,CC < 1.500 [G/D],SUZUKI,Fronx Hybrid Sgx At,1.462,AT,HYBRID,37,1.48,3.683,195/60 R16,105,2.52,3995 X 1765 X 15500,5,4X2,FF,-,5,4,CKD,INA,-,-,-,-,-,147,328,-,-,-,-,-,0%,0%,475
4X2 TYPE,CC < 1.500 [G/D],SUZUKI,Fronx Hybrid Sgx 2Tone At,1.462,AT,HYBRID,37,1.48,3.683,195/60 R16,105,2.52,3995 X 1765 X 15500,5,4X2,FF,-,5,4,CKD,INA,-,-,-,-,-,840,1.216,-,-,-,-,-,1%,1%,2.056
4X2 TYPE,CC < 1.500 [G/D],SUZUKI,S Presso MT,998,MT,G,-,-,-,-,-,-,-,-,4X2,FF,-,-,-,CBU,India,25,30,44,30,34,29,31,-,-,-,-,-,0%,0%,223
4X2 TYPE,CC < 1.500 [G/D],SUZUKI,S Presso AT,998,AT,G,-,-,-,-,-,-,-,-,4X2,FF,-,-,-,CBU,India,73,147,89,81,97,94,110,-,-,-,-,-,0%,0%,691
4X2 TYPE,CC < 1.500 [G/D],SUZUKI,All New Ertiga GA,1.462,MT,G,45,1.765,4.687,185/65 R15,92,2.74,4265 X 1695 X 1685,7,4X2,FF,-,4,4,CKD,INA,3,2,2,5,3,-,-,-,-,-,-,-,0%,0%,15
4X2 TYPE,CC < 1.500 [G/D],SUZUKI,All New Ertiga GL MT,1.462,MT,G,45,1.765,4.687,185/65 R15,92,2.74,4265 X 1695 X 1685,7,4X2,FF,-,4,4,CKD,INA,-,23,62,23,11,17,15,-,-,-,-,-,0%,0%,151
4X2 TYPE,CC < 1.500 [G/D],SUZUKI,All New Ertiga GX MT,1.462,MT,G,45,1.775,4.687,185/65 R15,92,2.74,4265 X 1695 X 1685,7,4X2,FF,-,4,4,CKD,INA,-,-,-,-,-,-,-,-,-,-,-,-,0%,0%,-
4X2 TYPE,CC < 1.500 [G/D],SUZUKI,All New Ertiga GL AT,1.462,AT,G,45,1.775,4.545,185/65 R15,92,2.74,4265 X 1695 X 1685,7,4X2,FF,-,4,4,CKD,INA,58,20,40,38,35,19,26,-,-,-,-,-,0%,0%,236
4X2 TYPE,CC < 1.500 [G/D],SUZUKI,All New Ertiga Gx Hybrid Mt,1.462,AT,HYBRID,45,1.855,4.687,185/65 R15,92,2.74,4265 X 1695 X 1685,7,4X2,FF,-,5,4,CKD,INA,1,16,42,168,-,-,-,-,-,-,-,-,0%,0%,227
4X2 TYPE,CC < 1.500 [G/D],SUZUKI,All New Ertiga Gx Hybrid At,1.462,AT,HYBRID,45,1.855,4.687,185/65 R15,92,2.74,4265 X 1695 X 1685,7,4X2,FF,-,5,4,CKD,INA,28,45,90,315,-,-,-,-,-,-,-,-,0%,0%,478
4X2 TYPE,CC < 1.500 [G/D],SUZUKI,All New Ertiga Cr Hybrid Mt,1.462,AT,HYBRID,45,1.855,4.687,185/65 R15,92,2.74,4265 X 1695 X 1685,7,4X2,FF,-,5,4,CKD,INA,13,5,4,6,-,-,-,-,-,-,-,-,0%,0%,28
4X2 TYPE,CC < 1.500 [G/D],SUZUKI,All New Ertiga Cr Hybrid At,1.462,AT,HYBRID,45,1.855,4.687,185/65 R15,92,2.74,4265 X 1695 X 1685,7,4X2,FF,-,5,4,CKD,INA,11,10,5,49,-,-,-,-,-,-,-,-,0%,0%,75
4X2 TYPE,CC < 1.500 [G/D],SUZUKI,All New Ertiga Cr Hybrid 2Tone Mt,1.462,AT,HYBRID,45,1.855,4.687,185/65 R15,92,2.74,4265 X 1695 X 1685,7,4X2,FF,-,5,4,CKD,INA,16,8,13,32,-,-,-,-,-,-,-,-,0%,0%,69
4X2 TYPE,CC < 1.500 [G/D],SUZUKI,All New Ertiga Cr Hybrid 2Tone At,1.462,AT,HYBRID,45,1.855,4.687,185/65 R15,92,2.74,4265 X 1695 X 1685,7,4X2,FF,-,5,4,CKD,INA,57,41,36,157,-,-,-,-,-,-,-,-,0%,0%,291
4X2 TYPE,CC < 1.500 [G/D],SUZUKI,Xl 7 Zeta MT,1.462,MT,G,45,1.72,4.353,195/65 R16,105,2.74,4450 X 1775 X 1710,7,4X2,FF,-,4,4,CKD,INA,224,109,178,73,92,101,65,-,-,-,-,-,0%,0%,842
4X2 TYPE,CC < 1.500 [G/D],SUZUKI,Xl 7 Zeta AT,1.462,AT,G,45,1.73,4.375,195/65 R16,105,2.74,4450 X 1775 X 1710,7,4X2,FF,-,4,4,CKD,INA,302,189,220,85,171,124,111,-,-,-,-,-,1%,0%,1.202
4X2 TYPE,CC < 1.500 [G/D],SUZUKI,Xl 7  Beta Hybrid MT,1.462,MT,HYBRID,45,1.73,4.375,195/65 R16,105,2.74,4450 X 1775 X 1710,7,4X2,FF,-,5,4,CKD,INA,73,45,99,35,46,46,38,-,-,-,-,-,0%,0%,382
4X2 TYPE,CC < 1.500 [G/D],SUZUKI,Xl 7 Beta Hybrid AT,1.462,AT,HYBRID,45,1.73,4.375,195/65 R16,105,2.74,4450 X 1775 X 1710,7,4X2,FF,-,5,4,CKD,INA,339,240,370,65,108,180,142,-,-,-,-,-,1%,1%,1.444
4X2 TYPE,CC < 1.500 [G/D],SUZUKI,Xl 7 Alpha Hybrid MT,1.462,MT,HYBRID,45,1.73,4.375,195/65 R16,105,2.74,4450 X 1775 X 1710,7,4X2,FF,-,5,4,CKD,INA,13,5,19,11,11,11,10,-,-,-,-,-,0%,0%,80
4X2 TYPE,CC < 1.500 [G/D],SUZUKI,Xl 7 Alpha Hybrid AT,1.462,AT,HYBRID,45,1.73,4.375,195/65 R16,105,2.74,4450 X 1775 X 1710,7,4X2,FF,-,5,4,CKD,INA,94,21,104,33,40,56,42,-,-,-,-,-,0%,0%,390
4X2 TYPE,CC < 1.500 [G/D],SUZUKI,New Baleno AT,1.49,AT,G,-,1.65,-,195/55 R15,110,2.48,4350 X 1690 X 1545,5,4X2,FF,-,4,4,CBU,India,601,526,411,418,-,-,-,-,-,-,-,-,1%,1%,1.956
4X2 TYPE,CC < 1.500 [G/D],SUZUKI,APV GE,1.495,MT,G,46,1.95,4.3,185/80 R14,105,2.625,4225 X 1655 X 1855,8,4X2,FR,-,5,4,CKD,INA,29,53,79,70,51,67,70,-,-,-,-,-,0%,0%,419
4X2 TYPE,CC < 1.500 [G/D],SUZUKI,APV GL,1.495,MT,G,46,1.95,4.3,185/80 R14,105,2.625,4225 X 1655 X 1855,8,4X2,FR,-,5,4,CKD,INA,15,27,20,50,41,49,46,-,-,-,-,-,0%,0%,248
4X2 TYPE,CC < 1.500 [G/D],SUZUKI,APV GX,1.495,MT,G,46,1.95,4.3,195/65 R15,105,2.625,4225 X 1655 X 1855,8,4X2,FR,-,5,4,CKD,INA,20,47,20,23,66,55,51,-,-,-,-,-,0%,0%,282
4X2 TYPE,CC < 1.500 [G/D],SUZUKI,APV SGX,1.495,MT,G,46,1.95,4.3,195/65 R15,105,2.625,4225 X 1655 X 1855,7,4X2,FR,-,5,4,CKD,INA,2,9,4,4,12,38,8,-,-,-,-,-,0%,0%,77
4X2 TYPE,CC < 1.500 [G/D],SUZUKI,Grand Vitara GL AT,1.462,AT,G,42,2.085,4.875,175/70 R13,79,1.97,3875 X 1570 X 1915,3,4X2,FR,-,2,4,CBU,India,-,-,-,-,-,-,-,-,-,-,-,-,0%,0%,-
4X2 TYPE,CC < 1.500 [G/D],SUZUKI,Grand Vitara GX AT,1.462,AT,G,42,2.085,4.875,175/70 R13,79,1.97,3875 X 1570 X 1915,3,4X2,FR,-,2,4,CBU,India,116,125,68,83,69,33,36,-,-,-,-,-,0%,0%,530
4X2 TYPE,CC < 1.500 [G/D],SUZUKI,Grand Vitara 2TONE GX AT,1.462,AT,G,42,2.085,4.875,175/70 R13,79,1.97,3875 X 1570 X 1915,3,4X2,FR,-,2,4,CBU,India,135,121,109,93,130,130,121,-,-,-,-,-,0%,0%,839
4X2 TYPE,CC < 1.500 [G/D],TOYOTA,All New Agya 1.2 G M/T FMC 2023,1.197,MT,G,33,-,4.485,175/65R14,88 / 6000,-,3830X1665X1505,5,4X2,FF,-,5,4,CKD,INA,1.458,747,231,218,775,538,437,-,-,-,-,-,2%,2%,4.404
4X2 TYPE,CC < 1.500 [G/D],TOYOTA,New Agya 1.2 Gr Cvt Mi 2025,1.197,CVT,G,33,-,4.485,175/65R14,88 / 6000,-,3830X1665X1505,5,4X2,FF,-,5,4,CKD,INA,-,-,4,3,-,1,4,-,-,-,-,-,0%,0%,12
4X2 TYPE,CC < 1.500 [G/D],TOYOTA,All New Agya 1.2 Gr-S Cvt Fmc 2023,1.197,CVT,G,33,-,4.485,175/65R14,88 / 6000,-,3830X1665X1505,5,4X2,FF,-,5,4,CKD,INA,32,-,8,8,6,3,6,-,-,-,-,-,0%,0%,63
4X2 TYPE,CC < 1.500 [G/D],TOYOTA,All New Agya 1.2 Gr-S M/T Fmc 2023,1.197,MT,G,33,-,4.485,175/65R14,88 / 6000,-,3830X1665X1505,5,4X2,FF,-,5,4,CKD,INA,-,-,-,-,6,1,1,-,-,-,-,-,0%,0%,8
4X2 TYPE,CC < 1.500 [G/D],TOYOTA,Avanza 1.3 AT Transmover,1.298,AT,G,45,1.085,5.571,185/70R14,92 / 6000,2.655,4140X1660X1695,7,4X2,FR,4,5,4,CKD,INA,-,97,556,234,163,246,432,-,-,-,-,-,1%,1%,1.728
4X2 TYPE,CC < 1.500 [G/D],TOYOTA,All New Avanza 1.3 E 2021,1.298,MT,G,45,1.085,4.875,185/65R15,104 / 6000,2.655,4140X1660X1695,7,4X2,FF,5,5,4,CKD,INA,868,696,674,375,599,244,572,-,-,-,-,-,2%,2%,4.028
4X2 TYPE,CC < 1.500 [G/D],TOYOTA,All New Avanza 1.3 E Cvt 2021,1.298,AT,G,45,1.085,4.875,185/65R15,104 / 6000,2.655,4140X1660X1695,7,4X2,FF,5,5,4,CKD,INA,342,460,735,366,477,246,429,-,-,-,-,-,2%,1%,3.055
4X2 TYPE,CC < 1.500 [G/D],TOYOTA,All New Avanza 1.5 G 2021,1.495,MT,G,45,1.085,4.875,185/65R15,104 / 6000,2.655,4140X1660X1695,7,4X2,FF,5,5,4,CKD,INA,388,687,1.53,737,936,731,639,-,-,-,-,-,3%,2%,5.648
4X2 TYPE,CC < 1.500 [G/D],TOYOTA,All New Avanza 1.5 G CVT 2021,1.497,AT,G,-,-,-,185/60 R15,107 / 6000,-,4235X1695X1690,7,4X2,FF,5,5,4,CKD,INA,889,835,1.574,883,1.185,1.165,1.276,-,-,-,-,-,4%,3%,7.807
4X2 TYPE,CC < 1.500 [G/D],TOYOTA,All New Veloz 1.5 2021,1.497,MT,G,-,-,-,185/60 R15,107 / 6000,-,4235X1695X1690,7,4X2,FF,5,5,4,CKD,INA,155,254,70,267,185,173,139,-,-,-,-,-,1%,0%,1.243
4X2 TYPE,CC < 1.500 [G/D],TOYOTA,All New Veloz 1.5 CVT 2021,1.497,AT,G,-,-,-,185/60 R15,107 / 6000,-,4235X1695X1690,7,4X2,FF,5,5,4,CKD,INA,44,48,39,17,40,23,18,-,-,-,-,-,0%,0%,229
4X2 TYPE,CC < 1.500 [G/D],TOYOTA,All New Veloz 1.5 Q Cvt 2021,1.497,AT,G,-,-,-,185/60 R15,107 / 6000,-,4235X1695X1690,7,4X2,FF,5,5,4,CKD,INA,527,704,599,376,855,702,626,-,-,-,-,-,2%,2%,4.389
4X2 TYPE,CC < 1.500 [G/D],TOYOTA,All New Veloz 1.5 Q Cvt Tss 2021,1.497,AT,G,-,-,-,185/60 R15,107 / 6000,-,4235X1695X1690,7,4X2,FF,5,5,4,CKD,INA,139,121,85,73,112,159,91,-,-,-,-,-,0%,0%,780
4X2 TYPE,CC < 1.500 [G/D],TOYOTA,RAIZE 1.0T G One Tone New 2021,998,MT,G,36,1.68,5.462,235/60R16,98 / 6000,2.525,4030X1710X1635,5,4X2,FF,5,5,4,CKD,INA,51,101,11,44,22,29,22,-,-,-,-,-,0%,0%,280
4X2 TYPE,CC < 1.500 [G/D],TOYOTA,RAIZE 1.0T G CVT One Tone New 2021,998,CVT,G,36,1.68,5.462,235/60R16,98 / 6000,2.525,4030X1710X1635,5,4X2,FF,5,5,4,CKD,INA,125,121,82,90,143,21,63,-,-,-,-,-,0%,0%,645
4X2 TYPE,CC < 1.500 [G/D],TOYOTA,RAIZE 1.0T G CVT Two Tone New 2021,998,CVT,G,36,1.68,5.105,235/60R16,98 / 6000,2.525,4030X1710X1635,5,4X2,FF,5,5,4,CKD,INA,-,-,-,-,-,-,-,-,-,-,-,-,0%,0%,-
4X2 TYPE,CC < 1.500 [G/D],TOYOTA,RAIZE 1.0T GR CVT One Tone New 2021,998,CVT,G,36,1.68,5.105,235/60R16,98 / 6000,2.525,4030X1710X1635,5,4X2,FF,5,5,4,CKD,INA,231,198,147,137,258,63,132,-,-,-,-,-,1%,0%,1.166
4X2 TYPE,CC < 1.500 [G/D],TOYOTA,RAIZE 1.0T GR CVT Two Tone New 2021,998,CVT,G,36,1.68,5.105,235/60R16,98 / 6000,2.525,4030X1710X1635,5,4X2,FF,5,5,4,CKD,INA,237,293,223,64,238,159,102,-,-,-,-,-,1%,1%,1.316
4X2 TYPE,CC < 1.500 [G/D],TOYOTA,Raize 1.0T Gr Tss Cvt Two Tone New 2021,998,CVT,G,36,1.68,5.105,235/60R16,98 / 6000,2.525,4030X1710X1635,5,4X2,FF,5,5,4,CKD,INA,35,42,12,29,54,11,25,-,-,-,-,-,0%,0%,208
4X2 TYPE,CC < 1.500 [G/D],TOYOTA,Raize 1.2T G New 2021,998,MT,G,36,1.68,5.462,235/60R16,98 / 6000,2.525,4030X1710X1635,5,4X2,FF,5,5,4,CKD,INA,36,11,5,15,11,12,22,-,-,-,-,-,0%,0%,112
4X2 TYPE,CC < 1.500 [G/D],TOYOTA,Raize 1.2T G CVT New 2021,998,CVT,G,36,1.68,5.105,235/60R16,98 / 6000,2.525,4030X1710X1635,5,4X2,FF,5,5,4,CKD,INA,393,390,302,217,328,324,196,-,-,-,-,-,1%,1%,2.15
4X2 TYPE,CC < 1.500 [G/D],TOYOTA,New Rush  1.5 G AT,1.496,AT,G,45,1.2,5.857,215/65R16,104 / 6000,2.685,4435X1695X1705,7,4X2,FR,4,5,4,CKD,INA,-,-,-,-,-,-,-,-,-,-,-,-,0%,0%,-
4X2 TYPE,CC < 1.500 [G/D],TOYOTA,New Rush1.5 GR Sport 2021,1.496,MT,G,45,1.2,5.857,215/60R17,104 / 6000,2.685,4435X1695X1705,7,4X2,FR,4,5,4,CKD,INA,-,-,-,1,-,-,-,-,-,-,-,-,0%,0%,1
4X2 TYPE,CC < 1.500 [G/D],TOYOTA,New Rush 1.5 GR Sport AT 2021,1.496,AT,G,45,1.2,5.857,215/60R17,104 / 6000,2.685,4435X1695X1705,7,4X2,FR,4,5,4,CKD,INA,-,1,-,-,-,-,-,-,-,-,-,-,0%,0%,1
4X2 TYPE,CC < 1.500 [G/D],TOYOTA,Rush 1.5 G Imp 2024,1.496,MT,G,45,1.2,5.857,215/60R17,104 / 6000,2.685,4435X1695X1705,7,4X2,FR,4,5,4,CKD,INA,192,254,140,149,135,96,170,-,-,-,-,-,1%,0%,1.136
4X2 TYPE,CC < 1.500 [G/D],TOYOTA,Rush 1.5 Gr Sport A/T Imp 2024,1.496,AT,G,45,1.2,5.857,215/60R17,104 / 6000,2.685,4435X1695X1705,7,4X2,FR,4,5,4,CKD,INA,1.306,1.408,781,478,939,929,1.022,-,-,-,-,-,4%,3%,6.863
4X2 TYPE,CC < 1.500 [G/D],TOYOTA,Rush 1.5 Gr Sport Imp 2024,1.496,MT,G,45,1.2,5.857,215/60R17,104 / 6000,2.685,4435X1695X1705,7,4X2,FR,4,5,4,CKD,INA,1.737,1.211,1.057,1.17,1.228,1.218,1.051,-,-,-,-,-,5%,3%,8.672
4X2 TYPE,CC < 1.500 [G/D],TOYOTA,Rush 1.5 G A/T IMP 2024,1.496,AT,G,45,1.2,5.857,215/60R17,104 / 6000,2.685,4435X1695X1705,7,4X2,FR,4,5,4,CKD,INA,97,287,149,221,129,112,157,-,-,-,-,-,1%,0%,1.152
4X2 TYPE,CC < 1.500 [G/D],TOYOTA,New Yaris 1.5 GR Sport CVT 3 Airbag 2023,1.496,AT,G,42,1.055,4.058,195/50R16,107 / 6000,2.55,4145X1730X1500,5,4X2,FF,5,5,4,CKD,INA,26,6,5,8,13,13,12,-,-,-,-,-,0%,0%,83
4X2 TYPE,CC < 1.500 [G/D],TOYOTA,New Yaris 1.5 GR Sport CVT 7 Airbag 2023,1.496,AT,G,42,1.075,4.237,195/50R16,107 / 6000,2.55,4145X1730X1500,5,4X2,FF,4,5,4,CKD,INA,1,2,-,2,6,3,5,-,-,-,-,-,0%,0%,19
4X2 TYPE,CC < 1.500 [G/D],TOYOTA,New Yaris Cross 1.5 G,1.496,MT,G,-,-,-,-,-,-,-,5,4X2,FF,4,5,4,CKD,INA,-,-,-,-,4,-,3,-,-,-,-,-,0%,0%,7
4X2 TYPE,CC < 1.500 [G/D],TOYOTA,New Yaris Cross 1.5 G Cvt,1.496,AT,G,-,-,-,-,-,-,-,5,4X2,FF,4,5,4,CKD,INA,18,3,-,3,-,1,2,-,-,-,-,-,0%,0%,27
4X2 TYPE,CC < 1.500 [G/D],TOYOTA,New Yaris Cross 1.5 S Cvt Tss,1.496,AT,G,-,-,-,-,-,-,-,5,4X2,FF,4,5,4,CKD,INA,4,2,-,1,1,3,4,-,-,-,-,-,0%,0%,15
4X2 TYPE,CC < 1.500 [G/D],TOYOTA,New Yaris Cross 1.5 S Gr Cvt Tss,1.496,AT,G,-,-,-,-,-,-,-,5,4X2,FF,4,5,4,CKD,INA,25,24,21,11,9,7,13,-,-,-,-,-,0%,0%,110
4X2 TYPE,CC < 1.500 [G/D],TOYOTA,New Yaris Cross 1.5 S Hv Gr Cvt Tss,1.496,AT,HYBRID,-,-,-,-,-,-,-,5,4X2,FF,4,5,4,CKD,INA,96,62,81,69,102,60,47,-,-,-,-,-,0%,0%,517
4X2 TYPE,CC < 1.500 [G/D],TOYOTA,New Yaris Cross 1.5 S Hv Gr Cvt Tss Premium Color,1.496,AT,HYBRID,-,-,-,-,-,-,-,5,4X2,FF,4,5,4,CKD,INA,122,282,128,73,101,107,138,-,-,-,-,-,0%,0%,951
4X2 TYPE,CC < 1.500 [G/D],TOYOTA,New Yaris Cross 1.5 S Hv Cvt Tss,1.496,AT,HYBRID,-,-,-,-,-,-,-,5,4X2,FF,4,5,4,CKD,INA,4,8,60,17,78,42,79,-,-,-,-,-,0%,0%,288
4X2 TYPE,CC < 1.500 [G/D],TOYOTA,New Yaris Cross 1.5 S Hv Cvt Tss Premium Color,1.496,AT,HYBRID,-,-,-,-,-,-,-,5,4X2,FF,4,5,4,CKD,INA,5,-,8,2,7,9,10,-,-,-,-,-,0%,0%,41
4X2 TYPE,CC < 1.500 [G/D],TOYOTA,BZ4X EV,-,AT,BEV,-,-,-,-,-,-,-,-,-,-,-,2,4,CBU,Japan,4,4,1,-,-,9,13,-,-,-,-,-,0%,0%,31
4X2 TYPE,CC < 1.500 [G/D],VOLKSWAGEN,Polo 1.2 GT TSI AT,1.2,AT,G,-,-,-,-,-,-,-,5,4X2,FF,-,5,4,CBU,India,-,-,-,-,-,-,-,-,-,-,-,-,0%,0%,-
4X2 TYPE,CC < 1.500 [G/D],VOLKSWAGEN,T-Cross 1.0 TSI AT,999,AT,G,50,-,-,205/55 R17,115,2.651,"4,221X1,760X1,612",5,4X2,FF,-,5,4,CBU,India,-,1,1,-,-,-,-,-,-,-,-,-,0%,0%,2
4X2 TYPE,CC < 1.500 [G/D],VOLKSWAGEN,Tiguan Allspace 1.4 TSI AT,1.4,AT,G,64,1.51,3.949,25/55/R17,150,2.604,4426 x 1809 x 1703,-,4X2,FF,193,5,4,CKD,INA,4,5,3,5,-,1,9,-,-,-,-,-,0%,0%,27
4X2 TYPE,CC < 1.500 [G/D],VOLKSWAGEN,ID.BUZZ LWB EV AT,91 kWh,AT,-,-,-,-,-,-,-,-,7,4X2,FR,-,5,4,CBU,Germany,-,-,15,-,55,36,8,-,-,-,-,-,0%,0%,114
4X2 TYPE,CC < 1.500 [G/D],VOLVO CARS,XC40 Plugin Hybrid,1.477,AT,PHEV,48,2.65,-,235/50 R19; 255/45 R19,-,2.702,4440X1863X1652,5,4X2,FF,185,5,4,CBU,Malaysia,-,-,-,-,-,-,-,-,-,-,-,-,0%,0%,-
4X2 TYPE,CC < 1.500 [G/D],VOLVO CARS,EX30 Plus Electric Vehicles,-,AT,BEV,-,2.216,-,225/55 R18,-,2.65,4233X1838X1550,5,4X2,FR,185,5,4,CBU,China,-,2,-,3,3,-,1,-,-,-,-,-,0%,0%,9
4X2 TYPE,CC < 1.500 [G/D],VOLVO CARS,EX30 Ultra Electric Vehicles,-,AT,BEV,-,2.216,-,245/45 R19,-,2.65,4233X1838X1550,5,4X4,FR,185,5,4,CBU,China,-,1,2,2,-,2,2,-,-,-,-,-,0%,0%,9
4X2 TYPE,CC < 1.500 [G/D],WULING,Confero S 1.5,1.5,MT,G,42,-,5,195/60 R15,107,2.72,4493X1691X1715,-,4X2,FR,-,5,4,CKD,INA,308,201,96,72,104,43,61,-,-,-,-,-,0%,0%,885
4X2 TYPE,CC < 1.500 [G/D],WULING,Confero S 1.5C,1.5,MT,G,42,-,5,195/60 R15,107,2.72,4530X1691X1730,-,4X2,FR,-,5,4,CKD,INA,-,1,-,-,-,-,-,-,-,-,-,-,0%,0%,1
4X2 TYPE,CC < 1.500 [G/D],WULING,Confero S 1.5L,1.5,MT,G,42,-,5,195/60 R15,107,2.72,4530X1691X1730,-,4X2,FR,-,5,4,CKD,INA,2,1,-,-,-,-,-,-,-,-,-,-,0%,0%,3
4X2 TYPE,CC < 1.500 [G/D],WULING,Cortez 1.5S T CVT,1.5,AT,G,52,-,4.058,205/55 R16,129,2.75,4780X1816X1755,-,4X2,FF,-,5,4,CKD,INA,-,-,-,1,-,-,-,-,-,-,-,-,0%,0%,1
4X2 TYPE,CC < 1.500 [G/D],WULING,Cortez 1.5S T MT,1.5,MT,G,52,-,4.058,205/55 R16,129,2.75,4780X1816X1755,-,4X2,FF,-,5,4,CKD,INA,-,1,-,-,30,3,4,-,-,-,-,-,0%,0%,38
4X2 TYPE,CC < 1.500 [G/D],WULING,Cortez 1.5 CE,1.5,CVT,G,-,-,-,-,-,-,-,-,4X2,FF,-,5,4,CKD,INA,-,-,1,-,-,5,12,-,-,-,-,-,0%,0%,18
4X2 TYPE,CC < 1.500 [G/D],WULING,Cortez 1.5 EX,1.5,CVT,G,-,-,-,-,-,-,-,-,4X2,FF,-,5,4,CKD,INA,25,53,191,27,50,29,27,-,-,-,-,-,0%,0%,402
4X2 TYPE,CC < 1.500 [G/D],WULING,Cortez 1.5S MT,1.5,MT,G,52,-,4.058,205/55 R16,129,2.75,4780X1816X1755,-,4X2,FF,-,5,4,CKD,INA,2,-,-,-,-,-,-,-,-,-,-,-,0%,0%,2
4X2 TYPE,CC < 1.500 [G/D],WULING,Cortez 1.5C MT,1.5,MT,G,52,-,4.058,205/55 R16,129,2.75,4780X1816X1755,-,4X2,FF,-,5,4,CKD,INA,4,3,-,-,-,-,-,-,-,-,-,-,0%,0%,7
4X2 TYPE,CC < 1.500 [G/D],WULING,Formo 1.2 BV,1.2,MT,G,42,-,5,195/60 R15,107,2.72,4530X1691X1730,-,4X2,FR,-,5,4,CKD,INA,1,18,-,-,28,-,1,-,-,-,-,-,0%,0%,48
4X2 TYPE,CC < 1.500 [G/D],WULING,Formo 1.2,1.2,MT,G,42,-,5,195/60 R15,107,2.72,4530X1691X1730,-,4X2,FR,-,5,4,CKD,INA,-,-,20,40,19,2,9,-,-,-,-,-,0%,0%,90
4X2 TYPE,CC < 1.500 [G/D],WULING,Air EV Lite,-,AT,BEV,-,-,-,-,-,-,-,-,4X2,FR,-,3,4,CKD,INA,49,2,9,-,-,-,-,-,-,-,-,-,0%,0%,60
4X2 TYPE,CC < 1.500 [G/D],WULING,Air EV Lite 300KM,-,AT,BEV,-,-,-,-,-,-,-,-,4X2,FR,-,3,4,CKD,INA,-,-,-,-,-,-,-,-,-,-,-,-,0%,0%,-
4X2 TYPE,CC < 1.500 [G/D],WULING,Air EV Standard Range,-,AT,BEV,-,-,-,-,-,-,-,-,4X2,FR,-,3,4,CKD,INA,-,-,-,2,-,-,-,-,-,-,-,-,0%,0%,2
4X2 TYPE,CC < 1.500 [G/D],WULING,Air EV Long Range,-,AT,BEV,-,-,-,-,-,-,-,-,4X2,FR,-,3,4,CKD,INA,85,10,-,4,-,2,-,-,-,-,-,-,0%,0%,101
4X2 TYPE,CC < 1.500 [G/D],WULING,New Air ev Lite 200KM,-,AT,BEV,-,-,-,-,-,-,-,-,4X2,FR,-,3,4,CKD,INA,-,60,12,47,25,27,26,-,-,-,-,-,0%,0%,197
4X2 TYPE,CC < 1.500 [G/D],WULING,New Air ev Lite 300KM,-,AT,BEV,-,-,-,-,-,-,-,-,4X2,FR,-,3,4,CKD,INA,-,280,224,288,288,314,142,-,-,-,-,-,1%,1%,1.536
4X2 TYPE,CC < 1.500 [G/D],WULING,New Air ev Pro 300KM,-,AT,BEV,-,-,-,-,-,-,-,-,4X2,FR,-,3,4,CKD,INA,-,194,226,210,106,33,116,-,-,-,-,-,0%,0%,885
4X2 TYPE,CC < 1.500 [G/D],WULING,Binguo 333 KM AC,-,AT,BEV,-,-,-,-,-,-,-,-,4X2,-,-,3,4,CKD,INA,1,-,1,5,2,1,65,-,-,-,-,-,0%,0%,75
4X2 TYPE,CC < 1.500 [G/D],WULING,Binguo 333 KM DC,-,AT,BEV,-,-,-,-,-,-,-,-,4X2,-,-,3,4,CKD,INA,16,6,68,78,208,33,45,-,-,-,-,-,0%,0%,454
4X2 TYPE,CC < 1.500 [G/D],WULING,Binguo 410 KM DC,-,AT,BEV,-,-,-,-,-,-,-,-,4X2,-,-,3,4,CKD,INA,130,169,399,172,-,-,-,-,-,-,-,-,0%,0%,870
4X2 TYPE,CC < 1.500 [G/D],WULING,New Binguo Lite,-,AT,BEV,-,-,-,-,-,-,-,-,4X2,-,-,5,4,CKD,INA,-,-,-,-,-,-,350,-,-,-,-,-,0%,0%,350
4X2 TYPE,CC < 1.500 [G/D],WULING,New Binguo Pro,-,AT,BEV,-,-,-,-,-,-,-,-,4X2,-,-,5,4,CKD,INA,-,-,-,-,-,-,15,-,-,-,-,-,0%,0%,15
4X2 TYPE,CC < 1.500 [G/D],WULING,Cloud 460 KM,-,AT,BEV,-,-,-,-,-,-,-,-,4X2,-,-,5,4,CKD,INA,58,100,11,1,-,-,-,-,-,-,-,-,0%,0%,170
4X2 TYPE,CC < 1.500 [G/D],WULING,New Cloud Pro,-,AT,BEV,-,-,-,-,-,-,-,-,4X2,FR,-,3,4,CKD,INA,-,360,188,58,248,14,139,-,-,-,-,-,1%,0%,1.007
4X2 TYPE,CC < 1.500 [G/D],WULING,New Cloud Lite,-,AT,BEV,-,-,-,-,-,-,-,-,4X2,FR,-,3,4,CKD,INA,-,-,67,97,171,11,142,-,-,-,-,-,0%,0%,488
4X2 TYPE,CC < 1.500 [G/D],WULING,Alvez 1.5 SE,1.5,MT,G,-,-,-,-,-,-,-,-,4X2,FR,-,5,4,CKD,INA,37,53,114,12,34,8,21,-,-,-,-,-,0%,0%,279
4X2 TYPE,CC < 1.500 [G/D],WULING,Alvez 1.5 CE,1.5,CVT,G,-,-,-,-,-,-,-,-,4X2,FR,-,5,4,CKD,INA,34,54,46,49,31,34,12,-,-,-,-,-,0%,0%,260
4X2 TYPE,CC < 1.500 [G/D],WULING,Alvez 1.5 EX,1.5,CVT,G,-,-,-,-,-,-,-,-,4X2,FR,-,5,4,CKD,INA,63,39,76,25,134,39,43,-,-,-,-,-,0%,0%,419
4X2 TYPE,CC < 1.500 [G/D],WULING,New Almaz RS Pro,1.5,CVT,G,-,-,-,-,-,-,-,-,4X2,FR,-,5,4,CKD,INA,11,15,38,8,3,1,8,-,-,-,-,-,0%,0%,84
4X2 TYPE,CC < 1.500 [G/D],WULING,Almaz 1.5L,1.5,CVT,G,-,-,-,-,-,-,-,-,4X2,FR,-,5,4,CKD,INA,-,-,-,-,-,-,-,-,-,-,-,-,0%,0%,-
4X2 TYPE,CC < 1.500 [G/D],WULING,Almaz 1.5E+ T CVT,1.5,AT,G,-,-,-,-,-,-,-,-,4X2,FR,-,5,4,CKD,INA,2,-,-,-,-,-,-,-,-,-,-,-,0%,0%,2
4X2 TYPE,CC < 1.500 [G/D],WULING,Almaz RS 1.5T Pro,1.5,AT,G,-,-,-,-,-,-,-,-,4X2,FR,-,5,4,CKD,INA,28,5,13,-,-,-,-,-,-,-,-,-,0%,0%,46
4X2 TYPE,CC < 1.500 [G/D],XPENG,G6 Air CKD (4x2) A/T,-,AT,BEV,-,-,-,-,-,2.89,4753 x 1920 x 1650,5,4X2,RR,-,5,4,CKD,INA,-,-,-,-,-,-,-,-,-,-,-,-,0%,0%,-
4X2 TYPE,CC < 1.500 [G/D],XPENG,X9 Standard Range Pro (4x2) A/T,-,AT,BEV,-,-,-,-,-,3.16,5293 x 1988 x 1785,7,4X2,FR,-,5,4,CBU,China,-,-,-,-,-,-,11,-,-,-,-,-,0%,0%,11
4X2 TYPE,CC < 1.500 [G/D],XPENG,X9 Long Range Pro (4x2) A/T,-,AT,BEV,-,-,-,-,-,3.16,5293 x 1988 x 1785,7,4X2,FR,-,5,4,CBU,China,-,-,-,-,-,-,17,-,-,-,-,-,0%,0%,17
4X2 TYPE,CC < 1.500 [G/D],XPENG,X9 Long Range Pro+ (4x2) A/T,-,AT,BEV,-,-,-,-,-,3.16,5293 x 1988 x 1785,7,4X2,FR,-,5,4,CBU,China,-,-,-,-,-,-,20,-,-,-,-,-,0%,0%,20
4X2 TYPE,CC < 1.500 [G/D],XPENG,G6 Standard Range (4x2) A/T,-,AT,BEV,-,-,-,-,-,2.89,4753 x 1920 x 1650,5,4X2,RR,-,5,4,CKD,INA,-,-,-,-,-,-,27,-,-,-,-,-,0%,0%,27
4X2 TYPE,CC < 1.500 [G/D],TOTAL,G6 Standard Range (4x2) A/T,-,AT,BEV,-,-,-,-,-,2.89,4753 x 1920 x 1650,5,4X2,RR,-,5,4,CKD,INA,25.352,30.591,32.708,21.272,26.845,26.494,27.42,-,-,-,-,-,100%,77%,190.682
4X2 TYPE,CC < 1.500 [G/D],CUMULATIVE,G6 Standard Range (4x2) A/T,-,AT,BEV,-,-,-,-,-,2.89,4753 x 1920 x 1650,5,4X2,RR,-,5,4,CKD,INA,25.352,55.943,88.651,109.923,136.768,163.262,190.682,-,-,-,-,-,100%,77%,190.682
4X2 TYPE,CC < 1.500 [G/D],CUMULATIVE,G6 Standard Range (4x2) A/T,-,AT,BEV,-,-,-,-,-,2.89,4753 x 1920 x 1650,5,4X2,RR,-,5,4,CKD,INA,25.352,55.943,88.651,109.923,136.768,163.262,190.682,-,-,-,-,-,100%,77%,190.682
(4X2) CC 1.501 -  2.500 [G/D] ...,CC < 1.500 [G/D],CUMULATIVE,G6 Standard Range (4x2) A/T,-,AT,BEV,-,-,-,-,-,2.89,4753 x 1920 x 1650,5,4X2,RR,-,5,4,CKD,INA,25.352,55.943,88.651,109.923,136.768,163.262,190.682,-,-,-,-,-,100%,77%,190.682
2,CC < 1.500 [G/D],CUMULATIVE,G6 Standard Range (4x2) A/T,-,AT,BEV,-,-,-,-,-,2.89,4753 x 1920 x 1650,5,4X2,RR,-,5,4,CKD,INA,25.352,55.943,88.651,109.923,136.768,163.262,190.682,-,-,-,-,-,100%,77%,190.682
